knowledge_id,module,title,learning_objective,explanation,common_trap,practice_question_ids,practice_status,source_urls
ck-market-supply,common_knowledge,市场供求与应急调控,从短缺和涨价情景中区分信息监测、增加供给、跨区调运、储备投放、价格监管与困难群体救助。,供给不足时，判断一项措施是否直接改善货源、运输或库存；监测预警帮助及时决策，组织货源和储备投放可增加可售商品，价格监管针对囤积和哄抬。民生救助缓解困难家庭负担，但不等于修复供需缺口。,把“有帮助”误当成“直接解决供需问题”；把救助措施当成扩供措施。,bj2026-outline-common-q1|zja2026-q11|zja2025-q11|js2025c-q11,官方例题有答案；三道回忆题仍需答案和完整题面核验,https://www.beijing.gov.cn/gongkai/rsxx/gwyzk/202511/P020251110416492086501.pdf|https://www.mofcom.gov.cn/zcfb/blgg/art/2011/art_9c44dbc882cd47a2a2db6ddd07e242fd.html
ck-income-distribution,common_knowledge,收入分配的三次分配,区分初次分配、再分配和第三次分配各自的主体、机制及作用。,初次分配在生产和市场活动中形成，主要依据劳动、资本、技术等生产要素贡献；再分配由政府通过税收、社会保障和转移支付等方式调节；第三次分配以社会力量自愿参与公益慈善为主，是补充机制。,把社会保障或政府转移支付划入第三次分配；把慈善捐赠当作政府强制分配。,bj2023-q3,已发布为北京考生回忆题改述；答案与公开解析页交叉核对,https://www.ndrc.gov.cn/fggz/jyysr/jysrsbxf/202109/t20210924_1297384_ext.html
ck-constitutional-oath,common_knowledge,宪法宣誓的适用对象,判断任职宣誓题时先确认职务的产生方式及法律规定，不能按“是不是领导”凭直觉推断。,宪法宣誓由宪法和全国人大常委会有关决定规范，人民法院的职务另有组织办法。作答时先识别职务是否属于法律列明的国家工作人员或法官职务，再核对任职程序与宣誓要求。,把党内职务、企业职务与国家机关法定职务混为一类；把一般就职仪式等同于宪法宣誓。,bj2023-q9,已发布为北京考生回忆题改述；答案与公开解析页交叉核对,https://www.court.gov.cn/fabu/xiangqing/20262.html|https://flk.npc.gov.cn/search
ck-civil-property-transfer,common_knowledge,房产转让与遗嘱的法律效果,区分生前买卖、赠与和遗嘱处分的成立条件、生效时间与不动产登记。,不动产权利变更通常以依法登记发生物权效力；遗嘱属于对身后财产的处分安排，继承从被继承人死亡时开始。题干问“现在过户”时，应把生前交易或赠与与遗嘱继承分别判断。,把公证遗嘱当作立即过户；把合同效力与不动产物权变动时间混为一谈。,bj2023-q12,已发布为北京考生回忆题改述；答案与公开解析页交叉核对,https://www.court.gov.cn/zixun/xiangqing/233181.html|https://www.court.gov.cn/fabu/xiangqing/282091.html
ck-classical-texts,common_knowledge,人民至上与古语语境,结合古语关键词和语境判断其是否表达人民至上的治理理念。,先抓“利民为本”“民惟邦本”等句中的对象和价值指向，再判断其与题干提出的人民立场是否一致。不能因两句都含“本”或结构相似就认定意思相同。,只看单字或对仗形式，不辨语境和论述对象。,bj2023-q1,已发布为北京考生回忆题改述；答案与公开解析页交叉核对,https://app.www.gov.cn/govdata/gov/202210/25/493662/article.html|https://upload.xingguanggongkao.com/pdf/2023%E5%B9%B4%E5%8C%97%E4%BA%AC%E5%B8%82%E5%85%AC%E5%8A%A1%E5%91%98%E5%BD%95%E7%94%A8%E8%80%83%E8%AF%95%E3%80%8A%E8%A1%8C%E6%B5%8B%E3%80%8B%E7%9C%9F%E9%A2%98%EF%BC%88%E8%80%83%E7%94%9F%E5%9B%9E%E5%BF%86%E7%89%88%EF%BC%89.pdf?time=1733730281
ck-botany-seed-dispersal,common_knowledge,杨柳种子与风力传播,识别杨柳飞絮与花、果实和种子传播之间的关系。,杨柳飞絮是种子周围的绒毛，种子成熟后借助绒毛随风传播；飞絮不是柳树的花。判断植物题时要分清花、果实、种子和传播结构。,把飞絮本身当成花粉或花瓣；忽略绒毛与种子传播的联系。,bj2023-q13,已发布为北京考生回忆题改述；答案与公开解析页交叉核对,https://yllhj.beijing.gov.cn/ztxx/zlylfxgcyjhj/ylfxqy/201510/t20151013_119733.shtml
ck-lunar-eclipse,common_knowledge,月全食与“血月”,根据日、地、月位置关系判断月食及红色月面的成因。,月全食发生在地球位于太阳和月球之间、月球进入地影时。地球大气会散射较短波长的光，部分红橙光经大气折射到达月面，因此月全食期间月亮常呈暗红色；颜色深浅还受大气条件影响。,把“血月”说成月亮自身发光或地球表面火光映射；把月食和日食时三者位置关系颠倒。,zjc2026-q18,回忆题题面已定位，答案待核验,https://www.cnsa.gov.cn/n6758968/n6758973/c6806831/content.html
ck-physical-chemistry-in-context,common_knowledge,诗词语境中的理化常识,把文字意象还原为可检验的物理或化学命题，再逐条核对。,先判断陈述涉及物质性质、状态变化还是传播现象，再检查命题中的因果和条件。文学表达允许修辞，但选项把修辞转成科学结论时应按科学事实判断。,把文学表达的修辞性当成科学事实；忽略“全部、一定”等绝对表述。,bj2023-q14,已发布为北京考生回忆题改述；答案与公开解析页交叉核对,https://upload.xingguanggongkao.com/pdf/2023%E5%B9%B4%E5%8C%97%E4%BA%AC%E5%B8%82%E5%85%AC%E5%8A%A1%E5%91%98%E5%BD%95%E7%94%A8%E8%80%83%E8%AF%95%E3%80%8A%E8%A1%8C%E6%B5%8B%E3%80%8B%E7%9C%9F%E9%A2%98%EF%BC%88%E8%80%83%E7%94%9F%E5%9B%9E%E5%BF%86%E7%89%88%EF%BC%89.pdf?time=1733730281
ck-railway-technology,common_knowledge,高速铁路无缝线路,认识无缝线路及其在高速铁路中的基本用途。,无缝线路通过焊接长钢轨减少轨缝，减少车轮通过接头时的冲击并改善线路平顺性；钢轨仍需通过线路结构适应温度变化，不能据名称理解成材料完全不会热胀冷缩。,把“无缝”理解为轨道不发生热胀冷缩；把高速铁路主要轨道技术与磁悬浮混淆。,bj2023-q16,已发布为北京考生回忆题改述；答案与公开解析页交叉核对,https://www.nra.gov.cn/ztzl/hy/kjcx/kpdd/201605/t20160526_145847.shtml
ck-rural-urban-development,common_knowledge,城乡关系与融合发展,辨析城乡关系中的长期共生、要素流动、互补发展与差距缩小。,城乡融合强调城乡要素双向流动和互补发展，包括以工补农、以城带乡及公共资源衔接。现代化不等于城乡比例保持不变，也不意味着乡村发展只能复制城市形态。,把城乡融合误解为维持人口比例稳定，或理解成城乡二选一。,bj2023-q2,已发布为北京考生回忆题改述；答案与公开解析页交叉核对,https://app.www.gov.cn/govdata/gov/202210/25/493662/article.html
ck-employment-policy,common_knowledge,就业支持政策,识别促进就业、公平就业和职业技能提升的有效措施。,就业支持通常从减少不合理限制、完善公共服务、加强重点群体帮扶和提升劳动者技能入手。判断政策选项时看它是否增加公平就业机会、提高岗位匹配能力或降低结构性障碍。,把提高企业经营成本转嫁给劳动者视为就业支持；忽略政策是否减少岗位机会。,bj2023-q4,已发布为北京考生回忆题改述；答案与公开解析页交叉核对,https://app.www.gov.cn/govdata/gov/202210/25/493662/article.html
ck-quantity-quality-change,common_knowledge,量变与质变,区分量变积累、质变发生及两者关系，并联系具体治理情境。,量变为质变作准备，质变是量变积累达到一定程度后的结果；二者相互联系，不能笼统地说质变总比量变更好。治理措施既要尊重客观规律，也要看持续的小幅改进能否推动整体结果变化。,把“质变”一概等同于进步；把局部数量变化说成必然立即造成质变。,bj2023-q5,已发布为北京考生回忆题改述；答案与公开解析页交叉核对,https://app.www.gov.cn/govdata/gov/202210/25/493662/article.html
ck-systems-thinking,common_knowledge,系统观念与整体分析,用整体、联系、局部与全局等关系判断选项是否体现系统思维。,系统分析要同时看整体与部分、当前与长远、主要矛盾与次要矛盾，并检查要素之间的相互影响。只强调单点把守或单项措施，未说明它如何服务整体目标时，通常不能据此推出系统治理。,把任何包含“大”“全”“多”的说法都当作系统观念；忽略选项表达的实际关系。,bj2023-q6,已发布为北京考生回忆题改述；答案与公开解析页交叉核对,https://app.www.gov.cn/govdata/gov/202210/25/493662/article.html
ck-political-consultation,common_knowledge,政治协商的对象与方式,区分政党协商与人民政协政治协商，依据条例判断对象和活动形式。,条例把政党协商界定为中国共产党同各民主党派、无党派人士直接开展的协商；人民政协政治协商则在人民政协中开展，参加者还包括各界代表人士。作答要按题干所问的协商方式和对象逐项匹配。,将人大代表身份直接等同于条例列出的政党协商对象；把协商组织、协商对象和参会保障单位混为一谈。,bj2023-q7,已发布为北京考生回忆题改述；答案与公开解析页交叉核对,https://www.beijing.gov.cn/zhengce/zhengcefagui/202206/t20220621_2747230.html
ck-science-technology-and-nature,common_knowledge,科技应用与自然条件,理解技术改良如何帮助适应自然条件，并辨析技术能力的边界。,耐盐碱水稻是经育种与配套土壤、水分管理适应部分盐碱地的作物，不是种在海水里的普通水稻。技术可以拓展农业利用空间，但要结合土壤、水资源和生态条件，不能据此说自然规律可以被任意取消。,把“海水稻”按字面理解为海水灌溉；把科技作用夸大为“人类必然战胜自然”。,bj2023-q8,已发布为北京考生回忆题改述；答案与公开解析页交叉核对,https://www.most.gov.cn/dfkj/hain/zxdt/202203/t20220323_179960.html|https://www.iga.cas.cn/xwzx/cmsm/201912/t20191227_5476170.html
ck-institutional-transaction-cost,common_knowledge,制度性交易成本,识别由准入、制度规则、办事流程和涉企收费产生的成本。,制度性交易成本来自制度安排及其执行过程，例如市场准入门槛、审批办事负担、涉企收费和物流服务收费。企业研发产品的技术投入属于经营活动成本，不应仅因金额较大就归为制度性交易成本。,把所有企业支出都叫制度性交易成本；把技术研发成本与制度规则造成的成本混为一谈。,bj2023-q10,已发布为北京考生回忆题改述；答案与公开解析页交叉核对,https://www.mct.gov.cn/preview/whhlyqyzcxxfw/yshjxf/202306/t20230612_944383.html
ck-productivity-and-price,common_knowledge,生产率、成本与商品价格,理解生产率提高如何影响单位成本，并结合市场条件分析价格变化。,生产率提高通常意味着相同投入可以产出更多产品，可能降低单位生产成本；技术进步也可能带来更高性能。市场竞争、需求、供应链与产品迭代都会影响最终售价，因此做题时应选择与题干所问“主要原因”最直接对应的因素。,把性能提升、进口增加、税率变化等所有因素不加区分地并列；忘记题目问的是主要原因。,bj2023-q11,已发布为北京考生回忆题改述；答案与公开解析页交叉核对,https://upload.xingguanggongkao.com/pdf/2023%E5%B9%B4%E5%8C%97%E4%BA%AC%E5%B8%82%E5%85%AC%E5%8A%A1%E5%91%98%E5%BD%95%E7%94%A8%E8%80%83%E8%AF%95%E3%80%8A%E8%A1%8C%E6%B5%8B%E3%80%8B%E7%9C%9F%E9%A2%98%EF%BC%88%E8%80%83%E7%94%9F%E5%9B%9E%E5%BF%86%E7%89%88%EF%BC%89.pdf?time=1733730281
