paper_id,title,region,exam_year,variant,question_count_or_range,source_type,source_status,source_url,supporting_url,module_coverage,content_integrity,answer_coverage,rights_status,whole_paper_mock_eligibility,priority,note
bj-2023-全卷-21,2023年北京市公务员录用考试《行测》题（网友回忆版）,北京,2023,全卷,135,third_party_recall,partial; missing items in available recall sources,https://nc513.com/exam/23,https://upload.xingguanggongkao.com/pdf/2023%E5%B9%B4%E5%8C%97%E4%BA%AC%E5%B8%82%E5%85%AC%E5%8A%A1%E5%91%98%E5%BD%95%E7%94%A8%E8%80%83%E8%AF%95%E3%80%8A%E8%A1%8C%E6%B5%8B%E3%80%8B%E7%9C%9F%E9%A2%98%EF%BC%88%E8%80%83%E7%94%9F%E5%9B%9E%E5%BF%86%E7%89%88%EF%BC%89.pdf?time=1733730281,common_knowledge|verbal|quantitative|reasoning|data_analysis,partial,15 common-knowledge item keys cross-checked; remaining items incomplete or unaudited,source_link_only,hold_for_item_asset_rights_audit,P1,公开回忆 PDF 与答案解析页已逐题核对常识第1–14、16题并单独接入题库；第15题缺失，其他模块及图表题仍有缺口，本卷不开放整卷模考。
bj-2022-全卷-22,2022年北京市公务员录用考试《行测》题（网友回忆版）,北京,2022,全卷,135,third_party_recall,public_question_blocks_located; recall_version,https://nc513.com/exam/24,https://www.aipta.com/article/1856.html,common_knowledge|verbal|quantitative|reasoning|data_analysis,question_text_partial_assets_not_audited,answer_download_gated_not_audited,source_link_only,hold_for_item_asset_rights_audit,P1,Aipta 页已定位 1–135 题号、五模块边界和多数文字题面；答案解析下载需登录，图表题资源仍须从公开回忆 PDF 逐题核对。逐题摘要只是索引，不构成完整卷面。
bj-2021-区级及以上-23,2021年北京市公务员录用考试《行测》题（区级及以上卷）（网友回忆版）,北京,2021,区级及以上,135,third_party_recall,full_question_page_captured; user_confirmed_authorization,https://www.aipta.com/article/1855.html,https://www.lasee.net/gongwuyuan/16710893685247.html|https://haokan100.com/2096.html,common_knowledge|verbal|quantitative|reasoning|data_analysis,135_question_blocks_captured; image_binary_assets_not_mirrored,answer PDF/page route found; answer keys not captured or item-audited,user_confirmed_republication_authorization,hold_for_answer_and_image_asset_audit,P1,Aipta 完整题面页及135个题号区块已归档，含82张外链图片；答案来源已登记，尚未逐题核验。
bj-2021-乡镇-24,2021年北京市公务员录用考试《行测》题（乡镇卷）（网友回忆版）,北京,2021,乡镇,130,third_party_recall,full_question_page_captured; user_confirmed_authorization,https://www.aipta.com/article/1854.html,https://haokan100.com/2096.html,common_knowledge|verbal|quantitative|reasoning|data_analysis,130_question_blocks_captured; image_binary_assets_not_mirrored,answer PDF/page route found; answer keys not captured or item-audited,user_confirmed_republication_authorization,hold_for_answer_and_image_asset_audit,P1,Aipta 完整题面页及130个题号区块已归档，含61张外链图片；答案来源已登记，尚未逐题核验。
bj-2020-区级及以上-25,2020年北京市公务员录用考试《行测》题（区级及以上卷）（网友回忆版）,北京,2020,区级及以上,135,third_party_recall,public_recall_pdf_and_Huatu_question_download,https://upload.xingguanggongkao.com/pdf/2020%E5%B9%B4%E5%8C%97%E4%BA%AC%E5%B8%82%E5%85%AC%E5%8A%A1%E5%91%98%E5%BD%95%E7%94%A8%E8%80%83%E8%AF%95%E3%80%8A%E8%A1%8C%E6%B5%8B%E3%80%8B%E7%9C%9F%E9%A2%98%EF%BC%88%E5%8C%BA%E7%BA%A7%E5%8F%8A%E4%BB%A5%E4%B8%8A%E5%8D%B7-%E8%80%83%E7%94%9F%E5%9B%9E%E5%BF%86%E7%89%88%EF%BC%89.pdf?time=1733729622,https://www.huatu.com/2020/0429/1917313.html,common_knowledge|verbal|quantitative|reasoning|data_analysis,27-page_recall_pdf_route; source page lists 135 questions; item and image audit pending,answer_key_download_not_audited; no key identified in recall PDF text,source_link_only,hold_for_item_asset_rights_audit,P1,星光公考 PDF 标注考生回忆版；华图页面确认题本由考生回忆整理并提供 Word 下载入口。题面、答案及图表未逐题核验，暂不开放模考。
bj-2020-乡镇-26,2020年北京市公务员录用考试《行测》题（乡镇卷）（网友回忆版）,北京,2020,乡镇,130,third_party_recall,public_recall_pdf_and_Huatu_question_download,https://upload.xingguanggongkao.com/pdf/2020%E5%B9%B4%E5%8C%97%E4%BA%AC%E5%B8%82%E5%85%AC%E5%8A%A1%E5%91%98%E5%BD%95%E7%94%A8%E8%80%83%E8%AF%95%E3%80%8A%E8%A1%8C%E6%B5%8B%E3%80%8B%E7%9C%9F%E9%A2%98%EF%BC%88%E4%B9%A1%E9%95%87%E5%8D%B7-%E8%80%83%E7%94%9F%E5%9B%9E%E5%BF%86%E7%89%88%EF%BC%89.pdf?time=1733729618,https://www.huatu.com/2020/0429/1917324.html,common_knowledge|verbal|quantitative|reasoning|data_analysis,25-page_recall_pdf_route; source page lists 130 questions; item and image audit pending,answer_key_not_audited; Huatu Word download route needs item review,source_link_only,hold_for_item_asset_rights_audit,P1,星光公考 PDF 标注考生回忆版；华图页面确认题本由考生回忆整理并提供 Word 下载入口。题面、答案及图表未逐题核验，暂不开放模考。
bj-2019-全卷-27,2019年北京市公务员录用考试《行测》题（网友回忆版）,北京,2019,全卷,135,third_party_recall,public_recall_pdf_route_listed; item_audit_pending,https://upload.xingguanggongkao.com/pdf/2019%E5%B9%B4%E5%8C%97%E4%BA%AC%E5%B8%82%E5%85%AC%E5%8A%A1%E5%91%98%E5%BD%95%E7%94%A8%E8%80%83%E8%AF%95%E3%80%8A%E8%A1%8C%E6%B5%8B%E3%80%8B%E7%9C%9F%E9%A2%98%EF%BC%88%E8%80%83%E7%94%9F%E5%9B%9E%E5%BF%86%E7%89%88%EF%BC%89.pdf?time=1733729206,https://www.xingguanggongkao.com/XingQuestion/paperList/subject_id/2/year/2020.html,common_knowledge|verbal|quantitative|reasoning|data_analysis,archive_lists_135_questions; item_and_image_audit_pending,answers_not_audited,source_link_only,hold_for_item_asset_rights_audit,P1,星光北京历年目录列示 135 题并提供回忆版 PDF；题面、选项、答案与图表未逐题核验，暂不开放模考。
bj-2018-全卷-28,2018年北京市公务员录用考试《行测》题（网友回忆版）,北京,2018,全卷,135,third_party_recall,public_recall_pdf_route_listed; item_audit_pending,https://upload.xingguanggongkao.com/pdf/2018%E5%B9%B4%E5%8C%97%E4%BA%AC%E5%B8%82%E5%85%AC%E5%8A%A1%E5%91%98%E5%BD%95%E7%94%A8%E8%80%83%E8%AF%95%E3%80%8A%E8%A1%8C%E6%B5%8B%E3%80%8B%E7%9C%9F%E9%A2%98%EF%BC%88%E8%80%83%E7%94%9F%E5%9B%9E%E5%BF%86%E7%89%88%EF%BC%89.pdf?time=1733728841,https://www.xingguanggongkao.com/XingQuestion/paperList/subject_id/2/area_id/0/year/2018.html,common_knowledge|verbal|quantitative|reasoning|data_analysis,archive_lists_135_questions; item_and_image_audit_pending,answers_not_audited,source_link_only,hold_for_item_asset_rights_audit,P1,星光 2018 年目录列示 135 题并提供回忆版 PDF；题面、选项、答案与图表未逐题核验，暂不开放模考。
bj-2017-全卷-29,2017年北京市公务员录用考试《行测》真题（考生回忆版）,北京,2017,全卷,135,third_party_recall,source_pdf_copied_and_text_extracted; user_confirmed_authorization,https://upload.xingguanggongkao.com/pdf/2017%E5%B9%B4%E5%8C%97%E4%BA%AC%E5%B8%82%E5%85%AC%E5%8A%A1%E5%91%98%E5%BD%95%E7%94%A8%E8%80%83%E8%AF%95%E3%80%8A%E8%A1%8C%E6%B5%8B%E3%80%8B%E7%9C%9F%E9%A2%98%EF%BC%88%E8%80%83%E7%94%9F%E5%9B%9E%E5%BF%86%E7%89%88%EF%BC%89.pdf?time=1733727354,https://www.gwysk.cn/shengkao/zhenti/3327.html,common_knowledge|verbal|quantitative|reasoning|data_analysis,135_question_source_pdf_preserved; item_text_extract_available,public answer PDF found; item-by-item cross-check pending,user_confirmed_republication_authorization,hold_for_answer_and_item_asset_audit,P1,完整回忆版 PDF 与文本提取已归档；含多选题，图题保留在原 PDF；答案暂未逐题与该版核对。
bj-2016-全卷-30,2016年北京市公务员录用考试《行测》题,北京,2016,全卷,135,third_party_recall,catalog-listed,https://nc513.com/exam/32,https://nc513.com/exam,common_knowledge|verbal|quantitative|reasoning|data_analysis,not_item_audited,answers_not_audited,source_link_only,hold_for_item_asset_rights_audit,P1,NC513；目录列示 135 题；原卷状态和逐题来源待核。
bj-2015-全卷-31,2015年北京市公务员录用考试《行测》题,北京,2015,全卷,135,third_party_recall,catalog-listed,https://nc513.com/exam/33,https://nc513.com/exam,common_knowledge|verbal|quantitative|reasoning|data_analysis,not_item_audited,answers_not_audited,source_link_only,hold_for_item_asset_rights_audit,P1,NC513；目录列示 135 题；原卷状态和逐题来源待核。
bj-2014-全卷-32,2014年北京市公务员录用考试《行测》题,北京,2014,全卷,135,third_party_recall,catalog-listed,https://nc513.com/exam/34,https://nc513.com/exam,common_knowledge|verbal|quantitative|reasoning|data_analysis,not_item_audited,answers_not_audited,source_link_only,hold_for_item_asset_rights_audit,P1,NC513；目录列示 135 题；原卷状态和逐题来源待核。
bj-2013-全卷-33,2013年北京市公务员录用考试《行测》题,北京,2013,全卷,135,third_party_recall,catalog-listed,https://nc513.com/exam/35,https://nc513.com/exam,common_knowledge|verbal|quantitative|reasoning|data_analysis,not_item_audited,answers_not_audited,source_link_only,hold_for_item_asset_rights_audit,P1,NC513；目录列示 135 题；原卷状态和逐题来源待核。
bj-2012-全卷-34,2012年北京市公务员录用考试《行测》题,北京,2012,全卷,135,third_party_recall,catalog-listed,https://nc513.com/exam/36,https://nc513.com/exam,common_knowledge|verbal|quantitative|reasoning|data_analysis,not_item_audited,answers_not_audited,source_link_only,hold_for_item_asset_rights_audit,P1,NC513；目录列示 135 题；原卷状态和逐题来源待核。
bj-2011-全卷-35,2011年北京市公务员录用考试《行测》题,北京,2011,全卷,135,third_party_recall,catalog-listed,https://nc513.com/exam/37,https://nc513.com/exam,common_knowledge|verbal|quantitative|reasoning|data_analysis,not_item_audited,answers_not_audited,source_link_only,hold_for_item_asset_rights_audit,P1,NC513；目录列示 135 题；原卷状态和逐题来源待核。
bj-2009-社会招考-36,2009年北京市公务员录用考试《行测》题（社招）,北京,2009,社会招考,135,third_party_recall,catalog-listed,https://nc513.com/exam/38,https://nc513.com/exam,common_knowledge|verbal|quantitative|reasoning|data_analysis,not_item_audited,answers_not_audited,source_link_only,hold_for_item_asset_rights_audit,P1,NC513；目录列示 135 题；与应届卷分开保留。
bj-2009-应届-37,2009年北京市公务员录用考试《行测》题（应届）,北京,2009,应届,135,third_party_recall,catalog-listed,https://nc513.com/exam/39,https://nc513.com/exam,common_knowledge|verbal|quantitative|reasoning|data_analysis,not_item_audited,answers_not_audited,source_link_only,hold_for_item_asset_rights_audit,P1,NC513；目录列示 135 题；与社会招考卷分开保留。
bj-2008-应届-38,2008年北京市公务员录用考试《行测》题（应届）,北京,2008,应届,135,third_party_recall,catalog-listed,https://nc513.com/exam/40,https://nc513.com/exam,common_knowledge|verbal|quantitative|reasoning|data_analysis,not_item_audited,answers_not_audited,source_link_only,hold_for_item_asset_rights_audit,P1,NC513；目录列示 135 题。
bj-2026-outline-example-1,北京市 2026 年公共科目笔试大纲公开例题（17题；非考试卷）,北京,2026,官方大纲公开例题（非考试卷）,17 道例题,official_outline_example,official_outline_verified,https://www.beijing.gov.cn/gongkai/rsxx/gwyzk/202511/P020251110416492086501.pdf,https://www.beijing.gov.cn/gongkai/rsxx/gwyzk/202511/t20251110_4267508.html,political_theory|common_knowledge|verbal|quantitative|reasoning|science_reasoning|data_analysis,17题原文题面选项与必要材料已核验,17题官方答案及解析已核验,official_reference_source,not_a_full_paper,P1,北京市 2026 年公共科目笔试大纲中各模块公开例题汇编；保留官方例题标签。题目进入相应模块练习及行测随机组卷，不作为真题整卷或完整分区卷。
bj-2025-exam-recall-candidate,2025 年北京市公务员考试《行测》回忆卷候选（考试日期 2024-12-08）,北京,2025,全卷候选,135,third_party_recall_candidate,analysis_only,https://www.jike.vip/shuati/category/100984/100990.html,https://m.bj.huatu.com/2024/1208/1244828.html,political_theory|common_knowledge|verbal|quantitative|reasoning|data_analysis,module_analysis_not_full_paper,answers_not_audited,source_link_only,hold; no full question text,P1,华图考情分析给出 135 题模块分布；题库目录列有 2024-12-08 卷名。整卷题面尚未核齐。
bj-2026-exam-recall-candidate,2026 年北京市公务员考试《行测》回忆卷候选（考试日期 2025-12-07）,北京,2026,全卷候选,,third_party_recall_candidate,catalog_only,https://www.jike.vip/shuati/category/100984/100990.html,https://www.beijing.gov.cn/gongkai/rsxx/gwyzk/202511/t20251110_4267508.html,political_theory|common_knowledge|verbal|quantitative|reasoning|data_analysis,recall_item_audit_pending,answers_not_audited,source_link_only,hold; catalog entry only,P1,官方公告确认考试日期；即刻题库有回忆卷条目，尚未获得可逐题核对的整卷来源。
安徽-2025-recall,2025年安徽省公务员录用考试《行测》题（网友回忆/第三方整理）,安徽,2025,全卷,125,third_party_recall,nc513_catalog_listed,https://nc513.com/exam/1,https://nc513.com/exam,common_knowledge|verbal|quantitative|reasoning|data_analysis,item_level_audit_pending,answers_not_audited,source_link_only,hold_for_item_asset_rights_audit,P2,第三方题库目录列出题名与题量；尚未逐题核完整卷。
安徽-2024-recall,2024年安徽省公务员录用考试《行测》题（网友回忆/第三方整理）,安徽,2024,全卷,110,third_party_recall,nc513_catalog_listed,https://nc513.com/exam/2,https://nc513.com/exam,common_knowledge|verbal|quantitative|reasoning|data_analysis,item_level_audit_pending,answers_not_audited,source_link_only,hold_for_item_asset_rights_audit,P2,第三方题库目录列出题名与题量；尚未逐题核完整卷。
安徽-2023-recall,2023年安徽省公务员录用考试《行测》题（网友回忆/第三方整理）,安徽,2023,全卷,110,third_party_recall,nc513_catalog_listed,https://nc513.com/exam/5,https://nc513.com/exam,common_knowledge|verbal|quantitative|reasoning|data_analysis,item_level_audit_pending,answers_not_audited,source_link_only,hold_for_item_asset_rights_audit,P2,第三方题库目录列出题名与题量；尚未逐题核完整卷。
福建-2025-recall,2025年福建省公务员录用考试《行测》题（网友回忆/第三方整理）,福建,2025,全卷,120,third_party_recall,nc513_catalog_listed,https://nc513.com/exam/41,https://nc513.com/exam,common_knowledge|verbal|quantitative|reasoning|data_analysis,item_level_audit_pending,answers_not_audited,source_link_only,hold_for_item_asset_rights_audit,P2,第三方题库目录列出题名与题量；尚未逐题核完整卷。
福建-2024-recall,2024年福建省公务员录用考试《行测》题（网友回忆/第三方整理）,福建,2024,全卷,120,third_party_recall,nc513_catalog_listed,https://nc513.com/exam/42,https://nc513.com/exam,common_knowledge|verbal|quantitative|reasoning|data_analysis,item_level_audit_pending,answers_not_audited,source_link_only,hold_for_item_asset_rights_audit,P2,第三方题库目录列出题名与题量；尚未逐题核完整卷。
福建-2023-recall,2023年福建省公务员录用考试《行测》题（网友回忆/第三方整理）,福建,2023,全卷,120,third_party_recall,nc513_catalog_listed,https://nc513.com/exam/43,https://nc513.com/exam,common_knowledge|verbal|quantitative|reasoning|data_analysis,item_level_audit_pending,answers_not_audited,source_link_only,hold_for_item_asset_rights_audit,P2,第三方题库目录列出题名与题量；尚未逐题核完整卷。
甘肃-2025-recall,2025年甘肃省公务员录用考试《行测》题（网友回忆/第三方整理）,甘肃,2025,全卷,120,third_party_recall,nc513_catalog_listed,https://nc513.com/exam/65,https://nc513.com/exam,common_knowledge|verbal|quantitative|reasoning|data_analysis,item_level_audit_pending,answers_not_audited,source_link_only,hold_for_item_asset_rights_audit,P2,第三方题库目录列出题名与题量；尚未逐题核完整卷。
甘肃-2024-recall,2024年甘肃省公务员录用考试《行测》题（网友回忆/第三方整理）,甘肃,2024,全卷,120,third_party_recall,nc513_catalog_listed,https://nc513.com/exam/66,https://nc513.com/exam,common_knowledge|verbal|quantitative|reasoning|data_analysis,item_level_audit_pending,answers_not_audited,source_link_only,hold_for_item_asset_rights_audit,P2,第三方题库目录列出题名与题量；尚未逐题核完整卷。
甘肃-2023-recall,2023年甘肃省公务员录用考试《行测》题（网友回忆/第三方整理）,甘肃,2023,全卷,120,third_party_recall,nc513_catalog_listed,https://nc513.com/exam/67,https://nc513.com/exam,common_knowledge|verbal|quantitative|reasoning|data_analysis,item_level_audit_pending,answers_not_audited,source_link_only,hold_for_item_asset_rights_audit,P2,第三方题库目录列出题名与题量；尚未逐题核完整卷。
广西-2025-recall,2025年广西省公务员录用考试《行测》题（网友回忆/第三方整理）,广西,2025,全卷,110,third_party_recall,nc513_catalog_listed,https://nc513.com/exam/112,https://nc513.com/exam,common_knowledge|verbal|quantitative|reasoning|data_analysis,item_level_audit_pending,answers_not_audited,source_link_only,hold_for_item_asset_rights_audit,P2,第三方题库目录列出题名与题量；尚未逐题核完整卷。
广西-2024-recall,2024年广西省公务员录用考试《行测》题（网友回忆/第三方整理）,广西,2024,全卷,110,third_party_recall,nc513_catalog_listed,https://nc513.com/exam/113,https://nc513.com/exam,common_knowledge|verbal|quantitative|reasoning|data_analysis,item_level_audit_pending,answers_not_audited,source_link_only,hold_for_item_asset_rights_audit,P2,第三方题库目录列出题名与题量；尚未逐题核完整卷。
广西-2023-recall,2023年广西省公务员录用考试《行测》题（网友回忆/第三方整理）,广西,2023,全卷,110,third_party_recall,nc513_catalog_listed,https://nc513.com/exam/114,https://nc513.com/exam,common_knowledge|verbal|quantitative|reasoning|data_analysis,item_level_audit_pending,answers_not_audited,source_link_only,hold_for_item_asset_rights_audit,P2,第三方题库目录列出题名与题量；尚未逐题核完整卷。
贵州-2025-recall,2025年贵州省公务员录用考试《行测》题（网友回忆/第三方整理）,贵州,2025,全卷,110,third_party_recall,nc513_catalog_listed,https://nc513.com/exam/127,https://nc513.com/exam,common_knowledge|verbal|quantitative|reasoning|data_analysis,item_level_audit_pending,answers_not_audited,source_link_only,hold_for_item_asset_rights_audit,P2,第三方题库目录列出题名与题量；尚未逐题核完整卷。
贵州-2024-recall,2024年贵州省公务员录用考试《行测》题（网友回忆/第三方整理）,贵州,2024,全卷,110,third_party_recall,nc513_catalog_listed,https://nc513.com/exam/128,https://nc513.com/exam,common_knowledge|verbal|quantitative|reasoning|data_analysis,item_level_audit_pending,answers_not_audited,source_link_only,hold_for_item_asset_rights_audit,P2,第三方题库目录列出题名与题量；尚未逐题核完整卷。
贵州-2023-recall,2023年贵州省公务员录用考试《行测》题（网友回忆/第三方整理）,贵州,2023,全卷,110,third_party_recall,nc513_catalog_listed,https://nc513.com/exam/129,https://nc513.com/exam,common_knowledge|verbal|quantitative|reasoning|data_analysis,item_level_audit_pending,answers_not_audited,source_link_only,hold_for_item_asset_rights_audit,P2,第三方题库目录列出题名与题量；尚未逐题核完整卷。
河北-2025-recall,2025年河北省公务员录用考试《行测》题（网友回忆/第三方整理）,河北,2025,全卷,130,third_party_recall,nc513_catalog_listed,https://nc513.com/exam/205,https://nc513.com/exam,common_knowledge|verbal|quantitative|reasoning|data_analysis,item_level_audit_pending,answers_not_audited,source_link_only,hold_for_item_asset_rights_audit,P2,第三方题库目录列出题名与题量；尚未逐题核完整卷。
河北-2024-recall,2024年河北省公务员录用考试《行测》题（网友回忆/第三方整理）,河北,2024,全卷,130,third_party_recall,nc513_catalog_listed,https://nc513.com/exam/206,https://nc513.com/exam,common_knowledge|verbal|quantitative|reasoning|data_analysis,item_level_audit_pending,answers_not_audited,source_link_only,hold_for_item_asset_rights_audit,P2,第三方题库目录列出题名与题量；尚未逐题核完整卷。
河北-2023-recall,2023年河北省公务员录用考试《行测》题（网友回忆/第三方整理）,河北,2023,全卷,130,third_party_recall,nc513_catalog_listed,https://nc513.com/exam/207,https://nc513.com/exam,common_knowledge|verbal|quantitative|reasoning|data_analysis,item_level_audit_pending,answers_not_audited,source_link_only,hold_for_item_asset_rights_audit,P2,第三方题库目录列出题名与题量；尚未逐题核完整卷。
海南-2025-recall,2025年海南省公务员录用考试《行测》题（网友回忆/第三方整理）,海南,2025,全卷,110,third_party_recall,nc513_catalog_listed,https://nc513.com/exam/223,https://nc513.com/exam,common_knowledge|verbal|quantitative|reasoning|data_analysis,item_level_audit_pending,answers_not_audited,source_link_only,hold_for_item_asset_rights_audit,P2,目录页地区标题写作“河南”，但具体题名均为海南卷，按卷名标注海南。
海南-2024-recall,2024年海南省公务员录用考试《行测》题（网友回忆/第三方整理）,海南,2024,全卷,110,third_party_recall,nc513_catalog_listed,https://nc513.com/exam/224,https://nc513.com/exam,common_knowledge|verbal|quantitative|reasoning|data_analysis,item_level_audit_pending,answers_not_audited,source_link_only,hold_for_item_asset_rights_audit,P2,目录页地区标题写作“河南”，但具体题名均为海南卷，按卷名标注海南。
海南-2023-recall,2023年海南省公务员录用考试《行测》题（网友回忆/第三方整理）,海南,2023,全卷,110,third_party_recall,nc513_catalog_listed,https://nc513.com/exam/225,https://nc513.com/exam,common_knowledge|verbal|quantitative|reasoning|data_analysis,item_level_audit_pending,answers_not_audited,source_link_only,hold_for_item_asset_rights_audit,P2,目录页地区标题写作“河南”，但具体题名均为海南卷，按卷名标注海南。
guangdong-2025-全省合卷,2025年广东省公务员考试《行测》题（全省合卷，考生回忆版）,广东,2025,全省合卷,90,third_party_recall,nc513_catalog_listed,https://nc513.com/exam/79,https://nc513.com/exam,common_knowledge|verbal|quantitative|reasoning|data_analysis,item_level_audit_pending,answers_not_audited,source_link_only,hold_for_item_asset_rights_audit,P2,2024 年起目录显示全省合卷；2023 年及以前分县级/乡镇卷时分开保留。
guangdong-2024-全省合卷,2024年广东省公务员考试《行测》题（全省合卷，考生回忆版）,广东,2024,全省合卷,90,third_party_recall,nc513_catalog_listed,https://nc513.com/exam/80,https://nc513.com/exam,common_knowledge|verbal|quantitative|reasoning|data_analysis,item_level_audit_pending,answers_not_audited,source_link_only,hold_for_item_asset_rights_audit,P2,2024 年起目录显示全省合卷；2023 年及以前分县级/乡镇卷时分开保留。
guangdong-2023-乡镇卷,2023年广东省公务员考试《行测》题（乡镇卷，考生回忆版）,广东,2023,乡镇卷,100,third_party_recall,nc513_catalog_listed,https://nc513.com/exam/81,https://nc513.com/exam,common_knowledge|verbal|quantitative|reasoning|data_analysis,item_level_audit_pending,answers_not_audited,source_link_only,hold_for_item_asset_rights_audit,P2,2024 年起目录显示全省合卷；2023 年及以前分县级/乡镇卷时分开保留。
guangdong-2023-县级卷,2023年广东省公务员考试《行测》题（县级卷，考生回忆版）,广东,2023,县级卷,100,third_party_recall,nc513_catalog_listed,https://nc513.com/exam/82,https://nc513.com/exam,common_knowledge|verbal|quantitative|reasoning|data_analysis,item_level_audit_pending,answers_not_audited,source_link_only,hold_for_item_asset_rights_audit,P2,2024 年起目录显示全省合卷；2023 年及以前分县级/乡镇卷时分开保留。
guangdong-2022-乡镇卷,2022年广东省公务员考试《行测》题（乡镇卷，考生回忆版）,广东,2022,乡镇卷,100,third_party_recall,nc513_catalog_listed,https://nc513.com/exam/83,https://nc513.com/exam,common_knowledge|verbal|quantitative|reasoning|data_analysis,item_level_audit_pending,answers_not_audited,source_link_only,hold_for_item_asset_rights_audit,P2,2024 年起目录显示全省合卷；2023 年及以前分县级/乡镇卷时分开保留。
guangdong-2022-县级卷,2022年广东省公务员考试《行测》题（县级卷，考生回忆版）,广东,2022,县级卷,100,third_party_recall,nc513_catalog_listed,https://nc513.com/exam/84,https://nc513.com/exam,common_knowledge|verbal|quantitative|reasoning|data_analysis,item_level_audit_pending,answers_not_audited,source_link_only,hold_for_item_asset_rights_audit,P2,2024 年起目录显示全省合卷；2023 年及以前分县级/乡镇卷时分开保留。
guangdong-2021-乡镇卷,2021年广东省公务员考试《行测》题（乡镇卷，考生回忆版）,广东,2021,乡镇卷,100,third_party_recall,nc513_catalog_listed,https://nc513.com/exam/85,https://nc513.com/exam,common_knowledge|verbal|quantitative|reasoning|data_analysis,item_level_audit_pending,answers_not_audited,source_link_only,hold_for_item_asset_rights_audit,P2,2024 年起目录显示全省合卷；2023 年及以前分县级/乡镇卷时分开保留。
guangdong-2021-县级卷,2021年广东省公务员考试《行测》题（县级卷，考生回忆版）,广东,2021,县级卷,100,third_party_recall,nc513_catalog_listed,https://nc513.com/exam/86,https://nc513.com/exam,common_knowledge|verbal|quantitative|reasoning|data_analysis,item_level_audit_pending,answers_not_audited,source_link_only,hold_for_item_asset_rights_audit,P2,2024 年起目录显示全省合卷；2023 年及以前分县级/乡镇卷时分开保留。
guangdong-2026-recall-candidate,2026 年广东省公务员考试《行测》回忆卷候选,广东,2026,全省合卷,90,third_party_recall_candidate,13_quantitative_items_published; remaining_full_paper_audit_pending,https://gwy.gkzhenti.cn/paper/1767342832062,https://www.eoffcn.com/kszx/detail/1918992.html,political_theory|common_knowledge|verbal|quantitative|reasoning|data_analysis,partial_item_batch_verified; full_paper_not_audited,13_quantitative_items_crosschecked_against_public_answer_pages; remaining_items_pending,user_confirmed_republication_authorization,hold; item-level source lead,P2,公开回忆卷共90题；数量关系第31–34、36–40、42–45题共13道无图题已逐题核验并接入数量关系模块及行测随机题库。第35题、第41题及其余题目继续逐题核验；整卷和模块分区模考暂不开放。
national-2025-行政执法卷,2025年国家公务员录用考试《行测》题（行政执法卷，考生回忆版）,全国,2025,行政执法卷,130,third_party_recall,nc513_catalog_listed,https://nc513.com/exam/142,https://nc513.com/exam,political_theory|common_knowledge|verbal|quantitative|reasoning|data_analysis,item_level_audit_pending,answers_not_audited,source_link_only,hold_for_item_asset_rights_audit,P2,目录列示对应卷型及题量；2025 起模块结构另含政治理论，须按各年原卷分段核对。
national-2025-地市级卷,2025年国家公务员录用考试《行测》题（地市级卷，考生回忆版）,全国,2025,地市级卷,130,third_party_recall,nc513_catalog_listed,https://nc513.com/exam/143,https://nc513.com/exam,political_theory|common_knowledge|verbal|quantitative|reasoning|data_analysis,item_level_audit_pending,answers_not_audited,source_link_only,hold_for_item_asset_rights_audit,P2,目录列示对应卷型及题量；2025 起模块结构另含政治理论，须按各年原卷分段核对。
national-2025-副省级卷,2025年国家公务员录用考试《行测》题（副省级卷，考生回忆版）,全国,2025,副省级卷,135,third_party_recall,nc513_catalog_listed,https://nc513.com/exam/144,https://nc513.com/exam,political_theory|common_knowledge|verbal|quantitative|reasoning|data_analysis,item_level_audit_pending,answers_not_audited,source_link_only,hold_for_item_asset_rights_audit,P2,目录列示对应卷型及题量；2025 起模块结构另含政治理论，须按各年原卷分段核对。
national-2024-行政执法卷,2024年国家公务员录用考试《行测》题（行政执法卷，考生回忆版）,全国,2024,行政执法卷,130,third_party_recall,nc513_catalog_listed,https://nc513.com/exam/145,https://nc513.com/exam,political_theory|common_knowledge|verbal|quantitative|reasoning|data_analysis,item_level_audit_pending,answers_not_audited,source_link_only,hold_for_item_asset_rights_audit,P2,目录列示对应卷型及题量；2025 起模块结构另含政治理论，须按各年原卷分段核对。
national-2024-地市级卷,2024年国家公务员录用考试《行测》题（地市级卷，考生回忆版）,全国,2024,地市级卷,130,third_party_recall,nc513_catalog_listed,https://nc513.com/exam/146,https://nc513.com/exam,political_theory|common_knowledge|verbal|quantitative|reasoning|data_analysis,item_level_audit_pending,answers_not_audited,source_link_only,hold_for_item_asset_rights_audit,P2,目录列示对应卷型及题量；2025 起模块结构另含政治理论，须按各年原卷分段核对。
national-2024-副省级卷,2024年国家公务员录用考试《行测》题（副省级卷，考生回忆版）,全国,2024,副省级卷,135,third_party_recall,nc513_catalog_listed,https://nc513.com/exam/147,https://nc513.com/exam,political_theory|common_knowledge|verbal|quantitative|reasoning|data_analysis,item_level_audit_pending,answers_not_audited,source_link_only,hold_for_item_asset_rights_audit,P2,目录列示对应卷型及题量；2025 起模块结构另含政治理论，须按各年原卷分段核对。
national-2023-行政执法卷,2023年国家公务员录用考试《行测》题（行政执法卷，考生回忆版）,全国,2023,行政执法卷,130,third_party_recall,nc513_catalog_listed,https://nc513.com/exam/148,https://nc513.com/exam,political_theory|common_knowledge|verbal|quantitative|reasoning|data_analysis,item_level_audit_pending,answers_not_audited,source_link_only,hold_for_item_asset_rights_audit,P2,目录列示对应卷型及题量；2025 起模块结构另含政治理论，须按各年原卷分段核对。
national-2023-地市级卷,2023年国家公务员录用考试《行测》题（地市级卷，考生回忆版）,全国,2023,地市级卷,130,third_party_recall,nc513_catalog_listed,https://nc513.com/exam/149,https://nc513.com/exam,political_theory|common_knowledge|verbal|quantitative|reasoning|data_analysis,item_level_audit_pending,answers_not_audited,source_link_only,hold_for_item_asset_rights_audit,P2,目录列示对应卷型及题量；2025 起模块结构另含政治理论，须按各年原卷分段核对。
national-2023-副省级卷,2023年国家公务员录用考试《行测》题（副省级卷，考生回忆版）,全国,2023,副省级卷,135,third_party_recall,nc513_catalog_listed,https://nc513.com/exam/150,https://nc513.com/exam,political_theory|common_knowledge|verbal|quantitative|reasoning|data_analysis,item_level_audit_pending,answers_not_audited,source_link_only,hold_for_item_asset_rights_audit,P2,目录列示对应卷型及题量；2025 起模块结构另含政治理论，须按各年原卷分段核对。
zhejiang-2026-A-类,2026年浙江省公务员录用考试《行测》题（A 类，考生回忆版）,浙江,2026,A 类,120,third_party_recall,question_page_or_recall_pdf,https://upload.xingguanggongkao.com/pdf/2026%E5%B9%B4%E6%B5%99%E6%B1%9F%E7%9C%81%E5%85%AC%E5%8A%A1%E5%91%98%E5%BD%95%E7%94%A8%E8%80%83%E8%AF%95%E3%80%8A%E8%A1%8C%E6%B5%8B%E3%80%8B%E7%9C%9F%E9%A2%98%EF%BC%88A%E5%8D%B7-%E8%80%83%E7%94%9F%E5%9B%9E%E5%BF%86%E7%89%88%EF%BC%89.pdf?time=1773041235,https://www.scribd.com/document/1024824511/2026%E5%B9%B4%E6%B5%99%E6%B1%9F%E7%9C%81%E5%85%AC%E5%8A%A1%E5%91%98%E5%BD%95%E7%94%A8%E8%80%83%E8%AF%95-%E8%A1%8C%E6%B5%8B-%E9%A2%98-A%E7%B1%BB-%E7%BD%91%E5%8F%8B%E5%9B%9E%E5%BF%86%E7%89%88,political_theory|common_knowledge|verbal|quantitative|reasoning|data_analysis,individual_item_and_assets_audit_pending,answers_not_audited,source_link_only,hold_for_item_asset_rights_audit,P2,第三方回忆题；目录/回忆 PDF 提供该卷题量。；逐题摘要通过公开转录页定位，原始回忆 PDF 保留为主来源。
zhejiang-2026-B-类,2026年浙江省公务员录用考试《行测》题（B 类，考生回忆版）,浙江,2026,B 类,115,third_party_recall,question_page_or_recall_pdf,https://upload.xingguanggongkao.com/pdf/2026%E5%B9%B4%E6%B5%99%E6%B1%9F%E7%9C%81%E5%85%AC%E5%8A%A1%E5%91%98%E5%BD%95%E7%94%A8%E8%80%83%E8%AF%95%E3%80%8A%E8%A1%8C%E6%B5%8B%E3%80%8B%E7%9C%9F%E9%A2%98%EF%BC%88B%E5%8D%B7-%E8%80%83%E7%94%9F%E5%9B%9E%E5%BF%86%E7%89%88%EF%BC%89.pdf?time=1773041217,https://gwy.gkzhenti.cn/api/json?cls=%E8%A1%8C%E6%B5%8B&province=%E6%B5%99%E6%B1%9F,political_theory|common_knowledge|verbal|quantitative|reasoning|data_analysis,individual_item_and_assets_audit_pending,answers_not_audited,source_link_only,hold_for_item_asset_rights_audit,P2,第三方回忆题；目录/回忆 PDF 提供该卷题量。
zhejiang-2026-C-类,2026年浙江省公务员录用考试《行测》题（C 类，考生回忆版）,浙江,2026,C 类,110,third_party_recall,question_page_or_recall_pdf,https://upload.xingguanggongkao.com/pdf/2026%E5%B9%B4%E6%B5%99%E6%B1%9F%E7%9C%81%E5%85%AC%E5%8A%A1%E5%91%98%E5%BD%95%E7%94%A8%E8%80%83%E8%AF%95%E3%80%8A%E8%A1%8C%E6%B5%8B%E3%80%8B%E7%9C%9F%E9%A2%98%EF%BC%88C%E5%8D%B7-%E8%80%83%E7%94%9F%E5%9B%9E%E5%BF%86%E7%89%88%EF%BC%89.pdf?time=1773041225,https://www.benet-wh.com.cn/shengkao/xingce/26121.html,political_theory|common_knowledge|verbal|quantitative|reasoning|data_analysis,individual_item_and_assets_audit_pending,answers_not_audited,source_link_only,hold_for_item_asset_rights_audit,P2,第三方回忆题；目录/回忆 PDF 提供该卷题量。；逐题摘要通过公开文本页定位，答案解析另行下载。
zhejiang-2025-A-类,2025年浙江省公务员录用考试《行测》题（A 类，考生回忆版）,浙江,2025,A 类,125,third_party_recall,partial_item_batch_audited,https://gwy.gkzhenti.cn/paper/1739531137130,https://gwy.gkzhenti.cn/api/json?cls=%E8%A1%8C%E6%B5%8B&province=%E6%B5%99%E6%B1%9F,political_theory|common_knowledge|verbal|quantitative|reasoning|data_analysis,18_selected_item_summaries_published; full paper and other sections remain incomplete; Q12 map missing,selected_18_answers_crosschecked_against_public_key,adapted_summaries_only,hold_incomplete_item_set,P2,第三方考生回忆版；政治理论Q1-6、Q8-10及常识Q11、Q13-20已做摘要改写并核答案；Q7待复核，Q12缺路线图，其余模块材料与题面未完成核验。
zhejiang-2025-B-类,2025年浙江省公务员录用考试《行测》题（B 类，考生回忆版）,浙江,2025,B 类,120,third_party_recall,question_page_or_recall_pdf,https://gwy.gkzhenti.cn/paper/1739531137030,https://gwy.gkzhenti.cn/api/json?cls=%E8%A1%8C%E6%B5%8B&province=%E6%B5%99%E6%B1%9F,political_theory|common_knowledge|verbal|quantitative|reasoning|data_analysis,individual_item_and_assets_audit_pending,answers_not_audited,source_link_only,hold_for_item_asset_rights_audit,P2,第三方回忆题；目录/回忆 PDF 提供该卷题量。
zhejiang-2025-C-类,2025年浙江省公务员录用考试《行测》题（C 类，考生回忆版）,浙江,2025,C 类,115,third_party_recall,question_page_or_recall_pdf,https://gwy.gkzhenti.cn/paper/1739531136929,https://gwy.gkzhenti.cn/api/json?cls=%E8%A1%8C%E6%B5%8B&province=%E6%B5%99%E6%B1%9F,political_theory|common_knowledge|verbal|quantitative|reasoning|data_analysis,individual_item_and_assets_audit_pending,answers_not_audited,source_link_only,hold_for_item_asset_rights_audit,P2,第三方回忆题；目录/回忆 PDF 提供该卷题量。
zhejiang-2024-A-类,2024年浙江省公务员录用考试《行测》题（A 类，考生回忆版）,浙江,2024,A 类,,third_party_recall,question_page_or_recall_pdf,https://gwy.gkzhenti.cn/paper/1723610466714,https://gwy.gkzhenti.cn/api/json?cls=%E8%A1%8C%E6%B5%8B&province=%E6%B5%99%E6%B1%9F,common_knowledge|verbal|quantitative|reasoning|data_analysis,individual_item_and_assets_audit_pending,answers_not_audited,source_link_only,hold_for_item_asset_rights_audit,P2,目录列出对应年份/卷种；题量尚待题本复核。
zhejiang-2024-B-类,2024年浙江省公务员录用考试《行测》题（B 类，考生回忆版）,浙江,2024,B 类,,third_party_recall,question_page_or_recall_pdf,https://gwy.gkzhenti.cn/paper/1723610466915,https://gwy.gkzhenti.cn/api/json?cls=%E8%A1%8C%E6%B5%8B&province=%E6%B5%99%E6%B1%9F,common_knowledge|verbal|quantitative|reasoning|data_analysis,individual_item_and_assets_audit_pending,answers_not_audited,source_link_only,hold_for_item_asset_rights_audit,P2,目录列出对应年份/卷种；题量尚待题本复核。
zhejiang-2024-C-类,2024年浙江省公务员录用考试《行测》题（C 类，考生回忆版）,浙江,2024,C 类,,third_party_recall,question_page_or_recall_pdf,https://gwy.gkzhenti.cn/paper/1723610466814,https://gwy.gkzhenti.cn/api/json?cls=%E8%A1%8C%E6%B5%8B&province=%E6%B5%99%E6%B1%9F,common_knowledge|verbal|quantitative|reasoning|data_analysis,individual_item_and_assets_audit_pending,answers_not_audited,source_link_only,hold_for_item_asset_rights_audit,P2,目录列出对应年份/卷种；题量尚待题本复核。
zhejiang-2023-A-类,2023年浙江省公务员录用考试《行测》题（A 类，考生回忆版）,浙江,2023,A 类,,third_party_recall,question_page_or_recall_pdf,https://gwy.gkzhenti.cn/paper/1673328053029,https://gwy.gkzhenti.cn/api/json?cls=%E8%A1%8C%E6%B5%8B&province=%E6%B5%99%E6%B1%9F,common_knowledge|verbal|quantitative|reasoning|data_analysis,individual_item_and_assets_audit_pending,answers_not_audited,source_link_only,hold_for_item_asset_rights_audit,P2,目录列出对应年份/卷种；题量尚待题本复核。
zhejiang-2023-B-类,2023年浙江省公务员录用考试《行测》题（B 类，考生回忆版）,浙江,2023,B 类,,third_party_recall,question_page_or_recall_pdf,https://gwy.gkzhenti.cn/paper/1673328052928,https://gwy.gkzhenti.cn/api/json?cls=%E8%A1%8C%E6%B5%8B&province=%E6%B5%99%E6%B1%9F,common_knowledge|verbal|quantitative|reasoning|data_analysis,individual_item_and_assets_audit_pending,answers_not_audited,source_link_only,hold_for_item_asset_rights_audit,P2,目录列出对应年份/卷种；题量尚待题本复核。
zhejiang-2023-C-类,2023年浙江省公务员录用考试《行测》题（C 类，考生回忆版）,浙江,2023,C 类,,third_party_recall,question_page_or_recall_pdf,https://gwy.gkzhenti.cn/paper/1673328053130,https://gwy.gkzhenti.cn/api/json?cls=%E8%A1%8C%E6%B5%8B&province=%E6%B5%99%E6%B1%9F,common_knowledge|verbal|quantitative|reasoning|data_analysis,individual_item_and_assets_audit_pending,answers_not_audited,source_link_only,hold_for_item_asset_rights_audit,P2,目录列出对应年份/卷种；题量尚待题本复核。
sh-2014-a,2014 年上海市公务员考试《行测》A 卷回忆版,上海,2014,A 卷,,third_party_recall,science_source_catalogued,https://upload.xingguanggongkao.com/pdf/2014%E5%B9%B4%E4%B8%8A%E6%B5%B7%E5%B8%82%E5%85%AC%E5%8A%A1%E5%91%98%E5%BD%95%E7%94%A8%E8%80%83%E8%AF%95%E3%80%8A%E8%A1%8C%E6%B5%8B%E3%80%8B%E7%9C%9F%E9%A2%98%EF%BC%88A%E5%8D%B7-%E8%80%83%E7%94%9F%E5%9B%9E%E5%BF%86%E7%89%88%EF%BC%89.pdf?time=1733728303,docs/science-reasoning/03_source_catalog.md,common_knowledge|verbal|quantitative|reasoning|data_analysis,whole_paper_source_link_present_item_audit_pending,science_questions_only_or_answers_not_audited,source_link_only,hold_for_item_asset_rights_audit,P2,当前科学推理题源表引用的整卷/回忆页；全卷各模块题目尚未整理。
sh-2018-b,2018 年上海市公务员考试《行测》B 类回忆版,上海,2018,B 类,,third_party_recall,science_source_catalogued,https://www.chinagwy.org/files/20180409144717_34399.pdf,docs/science-reasoning/03_source_catalog.md,common_knowledge|verbal|quantitative|reasoning|data_analysis,whole_paper_source_link_present_item_audit_pending,science_questions_only_or_answers_not_audited,source_link_only,hold_for_item_asset_rights_audit,P2,当前科学推理题源表引用的整卷/回忆页；全卷各模块题目尚未整理。
sh-2019-b,2019 年上海市公务员考试《行测》B 类回忆版,上海,2019,B 类,,third_party_recall,science_source_catalogued,https://upload.xingguanggongkao.com/pdf/2019%E5%B9%B4%E4%B8%8A%E6%B5%B7%E5%B8%82%E5%85%AC%E5%8A%A1%E5%91%98%E5%BD%95%E7%94%A8%E8%80%83%E8%AF%95%E3%80%8A%E8%A1%8C%E6%B5%8B%E3%80%8B%E7%9C%9F%E9%A2%98%EF%BC%88B%E5%8D%B7-%E8%80%83%E7%94%9F%E5%9B%9E%E5%BF%86%E7%89%88%EF%BC%89.pdf?time=1733729615,docs/science-reasoning/03_source_catalog.md,common_knowledge|verbal|quantitative|reasoning|data_analysis,whole_paper_source_link_present_item_audit_pending,science_questions_only_or_answers_not_audited,source_link_only,hold_for_item_asset_rights_audit,P2,当前科学推理题源表引用的整卷/回忆页；全卷各模块题目尚未整理。
sh-2020-b,2020 年上海市公务员考试《行测》B 类回忆版,上海,2020,B 类,,third_party_recall,science_source_catalogued,https://upload.xingguanggongkao.com/pdf/2020%E5%B9%B4%E4%B8%8A%E6%B5%B7%E5%B8%82%E5%85%AC%E5%8A%A1%E5%91%98%E5%BD%95%E7%94%A8%E8%80%83%E8%AF%95%E3%80%8A%E8%A1%8C%E6%B5%8B%E3%80%8B%E7%9C%9F%E9%A2%98%EF%BC%88B%E5%8D%B7-%E8%80%83%E7%94%9F%E5%9B%9E%E5%BF%86%E7%89%88%EF%BC%89.pdf?time=1733729615,docs/science-reasoning/03_source_catalog.md,common_knowledge|verbal|quantitative|reasoning|data_analysis,whole_paper_source_link_present_item_audit_pending,science_questions_only_or_answers_not_audited,source_link_only,hold_for_item_asset_rights_audit,P2,当前科学推理题源表引用的整卷/回忆页；全卷各模块题目尚未整理。
sh-2021-b,2021 年上海市公务员考试《行测》B 类回忆版,上海,2021,B 类,,third_party_recall,science_source_catalogued,https://upload.xingguanggongkao.com/pdf/2021%E5%B9%B4%E4%B8%8A%E6%B5%B7%E5%B8%82%E5%85%AC%E5%8A%A1%E5%91%98%E5%BD%95%E7%94%A8%E8%80%83%E8%AF%95%E3%80%8A%E8%A1%8C%E6%B5%8B%E3%80%8B%E7%9C%9F%E9%A2%98%EF%BC%88B%E5%8D%B7-%E8%80%83%E7%94%9F%E5%9B%9E%E5%BF%86%E7%89%88%EF%BC%89.pdf,docs/science-reasoning/03_source_catalog.md,common_knowledge|verbal|quantitative|reasoning|data_analysis,whole_paper_source_link_present_item_audit_pending,science_questions_only_or_answers_not_audited,source_link_only,hold_for_item_asset_rights_audit,P2,当前科学推理题源表引用的整卷/回忆页；全卷各模块题目尚未整理。
sh-2022-b,2022 年上海市公务员考试《行测》B 类回忆题面,上海,2022,B 类,,third_party_recall,science_source_catalogued,https://www.aipta.com/article/1232.html,docs/science-reasoning/03_source_catalog.md,common_knowledge|verbal|quantitative|reasoning|data_analysis,whole_paper_source_link_present_item_audit_pending,science_questions_only_or_answers_not_audited,source_link_only,hold_for_item_asset_rights_audit,P2,当前科学推理题源表引用的整卷/回忆页；全卷各模块题目尚未整理。
sh-2025-b,2025 年上海市公务员考试《行测》B 类回忆版,上海,2025,B 类,,third_party_recall,science_source_catalogued,https://upload.xingguanggongkao.com/pdf/2025%E5%B9%B4%E4%B8%8A%E6%B5%B7%E5%B8%82%E5%85%AC%E5%8A%A1%E5%91%98%E5%BD%95%E7%94%A8%E8%80%83%E8%AF%95%E3%80%8A%E8%A1%8C%E6%B5%8B%E3%80%8B%E7%9C%9F%E9%A2%98%EF%BC%88B%E5%8D%B7-%E8%80%83%E7%94%9F%E5%9B%9E%E5%BF%86%E7%89%88%EF%BC%89.pdf,docs/science-reasoning/03_source_catalog.md,common_knowledge|verbal|quantitative|reasoning|data_analysis,whole_paper_source_link_present_item_audit_pending,science_questions_only_or_answers_not_audited,source_link_only,hold_for_item_asset_rights_audit,P2,当前科学推理题源表引用的整卷/回忆页；全卷各模块题目尚未整理。
sh-2026-science,2026 上海行测回忆题（科学素养部分题目线索）,上海,2026,科学素养部分,,third_party_recall,science_source_catalogued,https://gwy.gkzhenti.cn/paper/1775360735040,docs/science-reasoning/03_source_catalog.md,science_literacy,partial_question_section,science_questions_only_or_answers_not_audited,source_link_only,hold_for_item_asset_rights_audit,P2,现有科学题源表核对了 9 道科学素养题；不代表已取得完整上海试卷。
zhanhong-2025-mock-A 类,展鸿 2025 年浙江省考行测模拟卷（A 类）,浙江,2025,A 类,125,third_party_mock,full_publisher_pdf_captured; user_confirmed_authorization,https://zhanhong-32-read-able.oss-cn-hangzhou.aliyuncs.com/upload/videos/2024/11/02/%E5%B1%95%E9%B8%BF2025%E5%B9%B4%E6%B5%99%E6%B1%9F%E7%9C%81%E8%80%83%E3%80%8A%E8%A1%8C%E6%94%BF%E8%81%8C%E4%B8%9A%E8%83%BD%E5%8A%9B%E6%B5%8B%E9%AA%8C%E3%80%8B%E6%A8%A1%E6%8B%9F%E5%8D%B7110344187.pdf,https://static.32xueyuan.com/zq/u/cms/zj/202411/202048155177.pdf,political_theory|common_knowledge|verbal|quantitative|reasoning|data_analysis,125_question_source_section_preserved; figure_to_item_audit_pending,125_publisher_answers_separated; explanations_in_source_pdf,user_confirmed_republication_authorization,hold_for_question_asset_audit,P3,原版 PDF，A 类共 125 题；96 道完整题已接入对应模块，29 道因题面、选项或图表缺项暂缓，整卷模考仍待补齐。
zhanhong-2025-mock-B 类,展鸿 2025 年浙江省考行测模拟卷（B 类）,浙江,2025,B 类,120,third_party_mock,full_publisher_pdf_captured; user_confirmed_authorization,https://zhanhong-32-read-able.oss-cn-hangzhou.aliyuncs.com/upload/videos/2024/11/02/%E5%B1%95%E9%B8%BF2025%E5%B9%B4%E6%B5%99%E6%B1%9F%E7%9C%81%E8%80%83%E3%80%8A%E8%A1%8C%E6%94%BF%E8%81%8C%E4%B8%9A%E8%83%BD%E5%8A%9B%E6%B5%8B%E9%AA%8C%E3%80%8B%E6%A8%A1%E6%8B%9F%E5%8D%B7110344187.pdf,https://static.32xueyuan.com/zq/u/cms/zj/202411/202048155177.pdf,political_theory|common_knowledge|verbal|quantitative|reasoning|data_analysis,120_question_source_section_preserved; figure_to_item_audit_pending,120_publisher_answers_separated; explanations_in_source_pdf,user_confirmed_republication_authorization,hold_for_question_asset_audit,P3,原版 PDF，B 类共 120 题；94 道完整题已接入对应模块，26 道因题面、选项或图表缺项暂缓，整卷模考仍待补齐。
zhanhong-2025-mock-C 类,展鸿 2025 年浙江省考行测模拟卷（C 类）,浙江,2025,C 类,115,third_party_mock,full_publisher_pdf_captured; user_confirmed_authorization,https://zhanhong-32-read-able.oss-cn-hangzhou.aliyuncs.com/upload/videos/2024/11/02/%E5%B1%95%E9%B8%BF2025%E5%B9%B4%E6%B5%99%E6%B1%9F%E7%9C%81%E8%80%83%E3%80%8A%E8%A1%8C%E6%94%BF%E8%81%8C%E4%B8%9A%E8%83%BD%E5%8A%9B%E6%B5%8B%E9%AA%8C%E3%80%8B%E6%A8%A1%E6%8B%9F%E5%8D%B7110344187.pdf,https://static.32xueyuan.com/zq/u/cms/zj/202411/202048155177.pdf,political_theory|common_knowledge|verbal|quantitative|reasoning|data_analysis,115_question_source_section_preserved; figure_to_item_audit_pending,115_publisher_answers_separated; explanations_in_source_pdf,user_confirmed_republication_authorization,hold_for_question_asset_audit,P3,原版 PDF，C 类共 115 题；89 道完整题已接入对应模块，26 道因题面、选项或图表缺项暂缓，整卷模考仍待补齐。
huatu-2025-provincial-mock-1,华图 2025 省考行测万人模考（2 月 8 日场）,全国省考模拟,2025,活动第 1 场,题量待取,third_party_mock,public_event_entry_gated_paper,https://www.huatu.com/z/2025ghttts/,,all_modules,mock_paper_access_pending,answer_report_via_app,publisher_gated,hold_until_paper_available,P3,公开活动页记载场次与时间，题本需通过华图在线活动资料取得。
huatu-2025-provincial-mock-2,华图 2025 省考行测万人模考（2 月 15 日场）,全国省考模拟,2025,活动第 2 场,题量待取,third_party_mock,public_event_entry_gated_paper,https://www.huatu.com/z/2025ghttts/,,all_modules,mock_paper_access_pending,answer_report_via_app,publisher_gated,hold_until_paper_available,P3,公开活动页记载场次与时间，题本需通过华图在线活动资料取得。
huatu-common-100,华图常识核心必刷 100 题,常识判断,2025,单模块题集,100,third_party_module_mock,download_route_on_public_page,https://www.huatu.com/z/2025ghttts/,,common_knowledge,module_question_pack_not_a_full_paper,answer_pdf_listed,publisher_reference_only,module_mock_candidate_after_access_check,P3,公开页列有题本及解析 PDF 名称；需取得可访问题面后逐题核验。
nc513-2026-guokao-mock-series,NC513 2026 国考模考大赛（第 18–27 季目录）,全国国考模拟,2026,系列：地市/副省/行政执法,目录标称 30 套,third_party_mock_series,catalog_counts_listed,https://nc513.com/exam,,all_modules,individual_mock_item_audit_pending,answers_available_after_submission,source_link_only,individual_papers_pending_audit,P3,系列目录列出多季及三种卷型；列表只覆盖该系列中的部分季次展示，逐套核对后再拆分。
jiangsu-2025-mock-series,江苏省考 2025 全真模拟卷（一至六）,江苏,2025,模拟卷 1–6,6 套,third_party_mock_series,directory_only,https://gongkao.rh86.com/11192.html,,all_modules,individual_mock_files_pending,answer_files_listed_in_directory,directory_reference_only,hold_until_direct_files_verified,P3,第三方资源目录列出 6 套行测题本与答案文件；原发布机构、版本对应和文件完整性待核。
provincial-mock-2025-no20,《2025 年省考行测模拟卷（二十）》候选,全国省考模拟,2025,第 20 套候选,待核,third_party_mock_candidate,version_mismatch_in_search_results,https://www.scribd.com/document/992341244/2025%E7%9C%81%E8%80%83-%E8%A1%8C%E6%B5%8B-%E6%A8%A1%E6%8B%9F%E5%8D%B7-%E5%9B%9B-%E8%A7%A3%E6%9E%90,,all_modules,not_audited,answer_text_candidate,third_party_reference_only,do_not_use_until_publisher_verified,P3,搜索页题名为模拟卷（四）解析，预览正文却出现模拟卷（二十）；保留待核，不计入模拟卷量。
jiangsu-2025-A-卷,2025 年江苏省公务员录用考试《行测》真题（A 卷，考生回忆版）,江苏,2025,A 卷,135,third_party_recall,public_recall_pdf_listed,https://upload.xingguanggongkao.com/pdf/2025%E5%B9%B4%E6%B1%9F%E8%8B%8F%E7%9C%81%E5%85%AC%E5%8A%A1%E5%91%98%E5%BD%95%E7%94%A8%E8%80%83%E8%AF%95%E3%80%8A%E8%A1%8C%E6%B5%8B%E3%80%8B%E7%9C%9F%E9%A2%98%EF%BC%88A%E5%8D%B7-%E8%80%83%E7%94%9F%E5%9B%9E%E5%BF%86%E7%89%88%EF%BC%89.pdf?time=1756866407,https://www.xingguanggongkao.com/XingQuestion/paperList/subject_id/2/area_id/331/year/2025.html,political_theory|common_knowledge|verbal|quantitative|reasoning|data_analysis,full_pdf_entry_listed; individual_question_audit_pending,answers_not_audited,source_link_only,hold_for_item_asset_rights_audit,P2,星光公考公开目录列出 A 卷 135 题及 PDF 下载入口；本索引不复制题面，整卷可用性待逐题与图表核验。
jiangsu-2025-B-卷,2025 年江苏省公务员录用考试《行测》真题（B 卷，考生回忆版）,江苏,2025,B 卷,135,third_party_recall,catalog_listed_pdf_route,https://www.xingguanggongkao.com/XingQuestion/paperList/subject_id/2/area_id/331/year/2025.html,,political_theory|common_knowledge|verbal|quantitative|reasoning|data_analysis,catalog_and_pdf_route_listed; item_audit_pending,answers_not_audited,source_link_only,hold_for_item_asset_rights_audit,P2,星光公考公开目录列出 B 卷 135 题及 PDF 下载入口；尚未单独核对题面与答案。
jiangsu-2025-C-卷,2025 年江苏省公务员录用考试《行测》真题（C 卷，考生回忆版）,江苏,2025,C 卷,130,third_party_recall,public_recall_pdf_and_item_page,https://upload.xingguanggongkao.com/pdf/2025%E5%B9%B4%E6%B1%9F%E8%8B%8F%E7%9C%81%E5%85%AC%E5%8A%A1%E5%91%98%E5%BD%95%E7%94%A8%E8%80%83%E8%AF%95%E3%80%8A%E8%A1%8C%E6%B5%8B%E3%80%8B%E7%9C%9F%E9%A2%98%EF%BC%88C%E5%8D%B7-%E8%80%83%E7%94%9F%E5%9B%9E%E5%BF%86%E7%89%88%EF%BC%89.pdf?time=1756887598,https://iget100.com/gongkao/shengkao/jiangsu/2025/xingce-c,political_theory|common_knowledge|verbal|quantitative|reasoning|data_analysis,public_item_page; known_item_gaps; image_assets_pending,reference_keys_visible; default_A_on_missing_items; explanations_not_in_page; independent_audit_pending,source_link_only,hold_for_item_gaps_and_asset_audit,P2,星光公考 C 卷列示 130 题；Iget100 公开逐题页有参考答案，但部分缺题（如 Q27、Q29、Q36、Q37、Q75、Q77、Q78）页面默认标 A，不能视作答案。资料图表资源仍待核，整卷和随机模考继续暂缓。
anhui-2026-outline,安徽省2026年度公务员考试大纲行测公开例题（摘要改写）,安徽,2026,考试大纲例题,13 published examples,official_outline_example,official_pdf_verified,https://rsj.huainan.gov.cn/group4/M00/11/14/rB40qWlooVmAFWHRAA3nByKSHRA495.pdf?attachDownload=1,,political_theory|common_knowledge|verbal|quantitative|reasoning|data_analysis,13 text-accessible examples published as summarized adaptations; figure-based example held for missing image,official_outline_answers_verified,adapted_public_source,not_a_exam_paper_outline_examples_only,P1,大纲中的公开示例跨六个模块；因图形例题无法从PDF文字层恢复，未纳入题库。
bj-2010-recall,2010 年北京市公务员录用考试《行测》题（考生回忆版）,北京,2010,全卷,130,third_party_recall,public_catalog_lists_pdf_route,https://upload.xingguanggongkao.com/pdf/2010%E5%B9%B4%E5%8C%97%E4%BA%AC%E5%B8%82%E5%85%AC%E5%8A%A1%E5%91%98%E5%BD%95%E7%94%A8%E8%80%83%E8%AF%95%E3%80%8A%E8%A1%8C%E6%B5%8B%E3%80%8B%E7%9C%9F%E9%A2%98%EF%BC%88%E8%80%83%E7%94%9F%E5%9B%9E%E5%BF%86%E7%89%88%EF%BC%89.pdf?time=1733727472,https://www.xingguanggongkao.com/XingQuestion/paperList/subject_id/2/area_id/322.html,all_modules; section mapping not audited,question_count_listed; PDF text and assets not audited,answer_key_not_audited,source_link_only,hold_for_item_asset_rights_audit,P1,星光公考北京目录列出本卷 130 题及 PDF 下载入口；尚未逐题核对题面、图表和答案，不复制题面。
cn-2018-chongqing-lower,2018年重庆市公务员录用考试《行测》真题（下半年-考生回忆版）,重庆,2018,下半年,120,third_party_recall,public_recall_pdf_route_listed; item_audit_pending,https://upload.xingguanggongkao.com/pdf/2018%E5%B9%B4%E9%87%8D%E5%BA%86%E5%B8%82%E5%85%AC%E5%8A%A1%E5%91%98%E5%BD%95%E7%94%A8%E8%80%83%E8%AF%95%E3%80%8A%E8%A1%8C%E6%B5%8B%E3%80%8B%E7%9C%9F%E9%A2%98%EF%BC%88%E4%B8%8B%E5%8D%8A%E5%B9%B4-%E8%80%83%E7%94%9F%E5%9B%9E%E5%BF%86%E7%89%88%EF%BC%89.pdf?time=1733729264,https://www.xingguanggongkao.com/XingQuestion/paperList/subject_id/2/area_id/0/year/2018.html,common_knowledge|verbal|quantitative|reasoning|data_analysis,archive_lists_question_count; item_and_image_audit_pending,answers_not_audited,source_link_only,hold_for_item_asset_rights_audit,P2,星光 2018 年目录列示卷名、题量并提供回忆版 PDF；题面、选项、答案与图表未逐题核验，暂不开放模考。
cn-2018-chongqing-upper,2018年重庆市公务员录用考试《行测》真题（上半年-考生回忆版）,重庆,2018,上半年,120,third_party_recall,public_recall_pdf_route_listed; item_audit_pending,https://upload.xingguanggongkao.com/pdf/2018%E5%B9%B4%E9%87%8D%E5%BA%86%E5%B8%82%E5%85%AC%E5%8A%A1%E5%91%98%E5%BD%95%E7%94%A8%E8%80%83%E8%AF%95%E3%80%8A%E8%A1%8C%E6%B5%8B%E3%80%8B%E7%9C%9F%E9%A2%98%EF%BC%88%E4%B8%8A%E5%8D%8A%E5%B9%B4-%E8%80%83%E7%94%9F%E5%9B%9E%E5%BF%86%E7%89%88%EF%BC%89.pdf?time=1733728892,https://www.xingguanggongkao.com/XingQuestion/paperList/subject_id/2/area_id/0/year/2018.html,common_knowledge|verbal|quantitative|reasoning|data_analysis,archive_lists_question_count; item_and_image_audit_pending,answers_not_audited,source_link_only,hold_for_item_asset_rights_audit,P2,星光 2018 年目录列示卷名、题量并提供回忆版 PDF；题面、选项、答案与图表未逐题核验，暂不开放模考。
cn-2018-fujian,2018年福建省公务员录用考试《行测》真题（考生回忆版）,福建,2018,全省卷,120,third_party_recall,public_recall_pdf_route_listed; item_audit_pending,https://upload.xingguanggongkao.com/pdf/2018%E5%B9%B4%E7%A6%8F%E5%BB%BA%E7%9C%81%E5%85%AC%E5%8A%A1%E5%91%98%E5%BD%95%E7%94%A8%E8%80%83%E8%AF%95%E3%80%8A%E8%A1%8C%E6%B5%8B%E3%80%8B%E7%9C%9F%E9%A2%98%EF%BC%88%E8%80%83%E7%94%9F%E5%9B%9E%E5%BF%86%E7%89%88%EF%BC%89.pdf?time=1733728994,https://www.xingguanggongkao.com/XingQuestion/paperList/subject_id/2/area_id/0/year/2018.html,common_knowledge|verbal|quantitative|reasoning|data_analysis,archive_lists_question_count; item_and_image_audit_pending,answers_not_audited,source_link_only,hold_for_item_asset_rights_audit,P2,星光 2018 年目录列示卷名、题量并提供回忆版 PDF；题面、选项、答案与图表未逐题核验，暂不开放模考。
cn-2018-gansu,2018年甘肃省公务员录用考试《行测》真题（考生回忆版）,甘肃,2018,全省卷,120,third_party_recall,public_recall_pdf_route_listed; item_audit_pending,https://upload.xingguanggongkao.com/pdf/2018%E5%B9%B4%E7%94%98%E8%82%83%E7%9C%81%E5%85%AC%E5%8A%A1%E5%91%98%E5%BD%95%E7%94%A8%E8%80%83%E8%AF%95%E3%80%8A%E8%A1%8C%E6%B5%8B%E3%80%8B%E7%9C%9F%E9%A2%98%EF%BC%88%E8%80%83%E7%94%9F%E5%9B%9E%E5%BF%86%E7%89%88%EF%BC%89.pdf?time=1733728944,https://www.xingguanggongkao.com/XingQuestion/paperList/subject_id/2/area_id/0/year/2018.html,common_knowledge|verbal|quantitative|reasoning|data_analysis,archive_lists_question_count; item_and_image_audit_pending,answers_not_audited,source_link_only,hold_for_item_asset_rights_audit,P2,星光 2018 年目录列示卷名、题量并提供回忆版 PDF；题面、选项、答案与图表未逐题核验，暂不开放模考。
cn-2018-guangdong,2018年广东省公务员录用考试《行测》真题（考生回忆版）,广东,2018,全省卷,100,third_party_recall,public_recall_pdf_route_listed; item_audit_pending,https://upload.xingguanggongkao.com/pdf/2018%E5%B9%B4%E5%B9%BF%E4%B8%9C%E7%9C%81%E5%85%AC%E5%8A%A1%E5%91%98%E5%BD%95%E7%94%A8%E8%80%83%E8%AF%95%E3%80%8A%E8%A1%8C%E6%B5%8B%E3%80%8B%E7%9C%9F%E9%A2%98%EF%BC%88%E8%80%83%E7%94%9F%E5%9B%9E%E5%BF%86%E7%89%88%EF%BC%89.pdf?time=1733728939,https://www.xingguanggongkao.com/XingQuestion/paperList/subject_id/2/area_id/0/year/2018.html,common_knowledge|verbal|quantitative|reasoning|data_analysis,archive_lists_question_count; item_and_image_audit_pending,answers_not_audited,source_link_only,hold_for_item_asset_rights_audit,P2,星光 2018 年目录列示卷名、题量并提供回忆版 PDF；题面、选项、答案与图表未逐题核验，暂不开放模考。
cn-2018-guangxi,2018年广西公务员录用考试《行测》真题（考生回忆版）,广西,2018,全省卷,110,third_party_recall,public_recall_pdf_route_listed; item_audit_pending,https://upload.xingguanggongkao.com/pdf/2018%E5%B9%B4%E5%B9%BF%E8%A5%BF%E5%85%AC%E5%8A%A1%E5%91%98%E5%BD%95%E7%94%A8%E8%80%83%E8%AF%95%E3%80%8A%E8%A1%8C%E6%B5%8B%E3%80%8B%E7%9C%9F%E9%A2%98%EF%BC%88%E8%80%83%E7%94%9F%E5%9B%9E%E5%BF%86%E7%89%88%EF%BC%89.pdf?time=1733728961,https://www.xingguanggongkao.com/XingQuestion/paperList/subject_id/2/area_id/0/year/2018.html,common_knowledge|verbal|quantitative|reasoning|data_analysis,archive_lists_question_count; item_and_image_audit_pending,answers_not_audited,source_link_only,hold_for_item_asset_rights_audit,P2,星光 2018 年目录列示卷名、题量并提供回忆版 PDF；题面、选项、答案与图表未逐题核验，暂不开放模考。
cn-2018-guizhou,2018年贵州省公务员录用考试《行测》真题（考生回忆版）,贵州,2018,全省卷,115,third_party_recall,public_recall_pdf_route_listed; item_audit_pending,https://upload.xingguanggongkao.com/pdf/2018%E5%B9%B4%E8%B4%B5%E5%B7%9E%E7%9C%81%E5%85%AC%E5%8A%A1%E5%91%98%E5%BD%95%E7%94%A8%E8%80%83%E8%AF%95%E3%80%8A%E8%A1%8C%E6%B5%8B%E3%80%8B%E7%9C%9F%E9%A2%98%EF%BC%88%E8%80%83%E7%94%9F%E5%9B%9E%E5%BF%86%E7%89%88%EF%BC%89.pdf?time=1733728958,https://www.xingguanggongkao.com/XingQuestion/paperList/subject_id/2/area_id/0/year/2018.html,common_knowledge|verbal|quantitative|reasoning|data_analysis,archive_lists_question_count; item_and_image_audit_pending,answers_not_audited,source_link_only,hold_for_item_asset_rights_audit,P2,星光 2018 年目录列示卷名、题量并提供回忆版 PDF；题面、选项、答案与图表未逐题核验，暂不开放模考。
cn-2018-hainan,2018年海南省公务员录用考试《行测》真题（考生回忆版）,海南,2018,全省卷,110,third_party_recall,public_recall_pdf_route_listed; item_audit_pending,https://upload.xingguanggongkao.com/pdf/2018%E5%B9%B4%E6%B5%B7%E5%8D%97%E7%9C%81%E5%85%AC%E5%8A%A1%E5%91%98%E5%BD%95%E7%94%A8%E8%80%83%E8%AF%95%E3%80%8A%E8%A1%8C%E6%B5%8B%E3%80%8B%E7%9C%9F%E9%A2%98%EF%BC%88%E8%80%83%E7%94%9F%E5%9B%9E%E5%BF%86%E7%89%88%EF%BC%89.pdf?time=1733728963,https://www.xingguanggongkao.com/XingQuestion/paperList/subject_id/2/area_id/0/year/2018.html,common_knowledge|verbal|quantitative|reasoning|data_analysis,archive_lists_question_count; item_and_image_audit_pending,answers_not_audited,source_link_only,hold_for_item_asset_rights_audit,P2,星光 2018 年目录列示卷名、题量并提供回忆版 PDF；题面、选项、答案与图表未逐题核验，暂不开放模考。
cn-2018-hebei,2018年河北省公务员录用考试《行测》真题（考生回忆版）,河北,2018,全省卷,130,third_party_recall,public_recall_pdf_route_listed; item_audit_pending,https://upload.xingguanggongkao.com/pdf/2018%E5%B9%B4%E6%B2%B3%E5%8C%97%E7%9C%81%E5%85%AC%E5%8A%A1%E5%91%98%E5%BD%95%E7%94%A8%E8%80%83%E8%AF%95%E3%80%8A%E8%A1%8C%E6%B5%8B%E3%80%8B%E7%9C%9F%E9%A2%98%EF%BC%88%E8%80%83%E7%94%9F%E5%9B%9E%E5%BF%86%E7%89%88%EF%BC%89.pdf?time=1733728977,https://www.xingguanggongkao.com/XingQuestion/paperList/subject_id/2/area_id/0/year/2018.html,common_knowledge|verbal|quantitative|reasoning|data_analysis,archive_lists_question_count; item_and_image_audit_pending,answers_not_audited,source_link_only,hold_for_item_asset_rights_audit,P2,星光 2018 年目录列示卷名、题量并提供回忆版 PDF；题面、选项、答案与图表未逐题核验，暂不开放模考。
cn-2018-henan,2018年河南省公务员录用考试《行测》真题（选调卷-考生回忆版）,河南,2018,选调卷,125,third_party_recall,public_recall_pdf_route_listed; item_audit_pending,https://upload.xingguanggongkao.com/pdf/2018%E5%B9%B4%E6%B2%B3%E5%8D%97%E7%9C%81%E5%85%AC%E5%8A%A1%E5%91%98%E5%BD%95%E7%94%A8%E8%80%83%E8%AF%95%E3%80%8A%E8%A1%8C%E6%B5%8B%E3%80%8B%E7%9C%9F%E9%A2%98%EF%BC%88%E9%80%89%E8%B0%83%E5%8D%B7-%E8%80%83%E7%94%9F%E5%9B%9E%E5%BF%86%E7%89%88%EF%BC%89.pdf?time=1733729030,https://www.xingguanggongkao.com/XingQuestion/paperList/subject_id/2/area_id/0/year/2018.html,common_knowledge|verbal|quantitative|reasoning|data_analysis,archive_lists_question_count; item_and_image_audit_pending,answers_not_audited,source_link_only,hold_for_item_asset_rights_audit,P2,星光 2018 年目录列示卷名、题量并提供回忆版 PDF；题面、选项、答案与图表未逐题核验，暂不开放模考。
cn-2018-heilongjiang-provincial,2018年黑龙江省公务员录用考试《行测》真题（省直-考生回忆版）,黑龙江,2018,省直,130,third_party_recall,public_recall_pdf_route_listed; item_audit_pending,https://upload.xingguanggongkao.com/pdf/2018%E5%B9%B4%E9%BB%91%E9%BE%99%E6%B1%9F%E7%9C%81%E5%85%AC%E5%8A%A1%E5%91%98%E5%BD%95%E7%94%A8%E8%80%83%E8%AF%95%E3%80%8A%E8%A1%8C%E6%B5%8B%E3%80%8B%E7%9C%9F%E9%A2%98%EF%BC%88%E7%9C%81%E7%9B%B4-%E8%80%83%E7%94%9F%E5%9B%9E%E5%BF%86%E7%89%88%EF%BC%89.pdf?time=1733728982,https://www.xingguanggongkao.com/XingQuestion/paperList/subject_id/2/area_id/0/year/2018.html,common_knowledge|verbal|quantitative|reasoning|data_analysis,archive_lists_question_count; item_and_image_audit_pending,answers_not_audited,source_link_only,hold_for_item_asset_rights_audit,P2,星光 2018 年目录列示卷名、题量并提供回忆版 PDF；题面、选项、答案与图表未逐题核验，暂不开放模考。
cn-2018-heilongjiang-township,2018年黑龙江省公务员录用考试《行测》真题（乡镇-考生回忆版）,黑龙江,2018,乡镇,120,third_party_recall,public_recall_pdf_route_listed; item_audit_pending,https://upload.xingguanggongkao.com/pdf/2018%E5%B9%B4%E9%BB%91%E9%BE%99%E6%B1%9F%E7%9C%81%E5%85%AC%E5%8A%A1%E5%91%98%E5%BD%95%E7%94%A8%E8%80%83%E8%AF%95%E3%80%8A%E8%A1%8C%E6%B5%8B%E3%80%8B%E7%9C%9F%E9%A2%98%EF%BC%88%E4%B9%A1%E9%95%87-%E8%80%83%E7%94%9F%E5%9B%9E%E5%BF%86%E7%89%88%EF%BC%89.pdf?time=1733728987,https://www.xingguanggongkao.com/XingQuestion/paperList/subject_id/2/area_id/0/year/2018.html,common_knowledge|verbal|quantitative|reasoning|data_analysis,archive_lists_question_count; item_and_image_audit_pending,answers_not_audited,source_link_only,hold_for_item_asset_rights_audit,P2,星光 2018 年目录列示卷名、题量并提供回忆版 PDF；题面、选项、答案与图表未逐题核验，暂不开放模考。
cn-2018-heilongjiang-police,2018年黑龙江省公务员录用考试《行测》真题（公检法-考生回忆版）,黑龙江,2018,公检法,125,third_party_recall,public_recall_pdf_route_listed; item_audit_pending,https://upload.xingguanggongkao.com/pdf/2018%E5%B9%B4%E9%BB%91%E9%BE%99%E6%B1%9F%E7%9C%81%E5%85%AC%E5%8A%A1%E5%91%98%E5%BD%95%E7%94%A8%E8%80%83%E8%AF%95%E3%80%8A%E8%A1%8C%E6%B5%8B%E3%80%8B%E7%9C%9F%E9%A2%98%EF%BC%88%E5%85%AC%E6%A3%80%E6%B3%95-%E8%80%83%E7%94%9F%E5%9B%9E%E5%BF%86%E7%89%88%EF%BC%89.pdf?time=1733728985,https://www.xingguanggongkao.com/XingQuestion/paperList/subject_id/2/area_id/0/year/2018.html,common_knowledge|verbal|quantitative|reasoning|data_analysis,archive_lists_question_count; item_and_image_audit_pending,answers_not_audited,source_link_only,hold_for_item_asset_rights_audit,P2,星光 2018 年目录列示卷名、题量并提供回忆版 PDF；题面、选项、答案与图表未逐题核验，暂不开放模考。
cn-2018-hubei,2018年湖北省公务员录用考试《行测》真题（考生回忆版）,湖北,2018,全省卷,125,third_party_recall,public_recall_pdf_route_listed; item_audit_pending,https://upload.xingguanggongkao.com/pdf/2018%E5%B9%B4%E6%B9%96%E5%8C%97%E7%9C%81%E5%85%AC%E5%8A%A1%E5%91%98%E5%BD%95%E7%94%A8%E8%80%83%E8%AF%95%E3%80%8A%E8%A1%8C%E6%B5%8B%E3%80%8B%E7%9C%9F%E9%A2%98%EF%BC%88%E8%80%83%E7%94%9F%E5%9B%9E%E5%BF%86%E7%89%88%EF%BC%89.pdf?time=1733728919,https://www.xingguanggongkao.com/XingQuestion/paperList/subject_id/2/area_id/0/year/2018.html,common_knowledge|verbal|quantitative|reasoning|data_analysis,archive_lists_question_count; item_and_image_audit_pending,answers_not_audited,source_link_only,hold_for_item_asset_rights_audit,P2,星光 2018 年目录列示卷名、题量并提供回忆版 PDF；题面、选项、答案与图表未逐题核验，暂不开放模考。
cn-2018-hunan,2018年湖南省公务员录用考试《行测》真题（考生回忆版）,湖南,2018,全省卷,125,third_party_recall,public_recall_pdf_route_listed; item_audit_pending,https://upload.xingguanggongkao.com/pdf/2018%E5%B9%B4%E6%B9%96%E5%8D%97%E7%9C%81%E5%85%AC%E5%8A%A1%E5%91%98%E5%BD%95%E7%94%A8%E8%80%83%E8%AF%95%E3%80%8A%E8%A1%8C%E6%B5%8B%E3%80%8B%E7%9C%9F%E9%A2%98%EF%BC%88%E8%80%83%E7%94%9F%E5%9B%9E%E5%BF%86%E7%89%88%EF%BC%89.pdf?time=1733728922,https://www.xingguanggongkao.com/XingQuestion/paperList/subject_id/2/area_id/0/year/2018.html,common_knowledge|verbal|quantitative|reasoning|data_analysis,archive_lists_question_count; item_and_image_audit_pending,answers_not_audited,source_link_only,hold_for_item_asset_rights_audit,P2,星光 2018 年目录列示卷名、题量并提供回忆版 PDF；题面、选项、答案与图表未逐题核验，暂不开放模考。
cn-2018-jilin-a,2018年吉林省公务员录用考试《行测》真题（甲级-考生回忆版）,吉林,2018,甲级,105,third_party_recall,public_recall_pdf_route_listed; item_audit_pending,https://upload.xingguanggongkao.com/pdf/2018%E5%B9%B4%E5%90%89%E6%9E%97%E7%9C%81%E5%85%AC%E5%8A%A1%E5%91%98%E5%BD%95%E7%94%A8%E8%80%83%E8%AF%95%E3%80%8A%E8%A1%8C%E6%B5%8B%E3%80%8B%E7%9C%9F%E9%A2%98%EF%BC%88%E7%94%B2%E7%BA%A7-%E8%80%83%E7%94%9F%E5%9B%9E%E5%BF%86%E7%89%88%EF%BC%89.pdf?time=1733728903,https://www.xingguanggongkao.com/XingQuestion/paperList/subject_id/2/area_id/0/year/2018.html,common_knowledge|verbal|quantitative|reasoning|data_analysis,archive_lists_question_count; item_and_image_audit_pending,answers_not_audited,source_link_only,hold_for_item_asset_rights_audit,P2,星光 2018 年目录列示卷名、题量并提供回忆版 PDF；题面、选项、答案与图表未逐题核验，暂不开放模考。
cn-2018-jilin-b,2018年吉林省公务员录用考试《行测》真题（乙级-考生回忆版）,吉林,2018,乙级,100,third_party_recall,public_recall_pdf_route_listed; item_audit_pending,https://upload.xingguanggongkao.com/pdf/2018%E5%B9%B4%E5%90%89%E6%9E%97%E7%9C%81%E5%85%AC%E5%8A%A1%E5%91%98%E5%BD%95%E7%94%A8%E8%80%83%E8%AF%95%E3%80%8A%E8%A1%8C%E6%B5%8B%E3%80%8B%E7%9C%9F%E9%A2%98%EF%BC%88%E4%B9%99%E7%BA%A7-%E8%80%83%E7%94%9F%E5%9B%9E%E5%BF%86%E7%89%88%EF%BC%89.pdf?time=1733728955,https://www.xingguanggongkao.com/XingQuestion/paperList/subject_id/2/area_id/0/year/2018.html,common_knowledge|verbal|quantitative|reasoning|data_analysis,archive_lists_question_count; item_and_image_audit_pending,answers_not_audited,source_link_only,hold_for_item_asset_rights_audit,P2,星光 2018 年目录列示卷名、题量并提供回忆版 PDF；题面、选项、答案与图表未逐题核验，暂不开放模考。
jbc-2026-national-mock-series,金标尺 2026 国考行测模拟卷（一至三）,全国,2026,国考全真模拟系列（一至三）,3 套；单卷题量待核,third_party_module_mock,publisher_lists_3_mock_papers_and_solution_files; paid_access,https://www.jbcgk.com/wp/course/detail?brand=jbcgk&no=c321&province=jilin,,not_audited,publisher_file_titles_and_sizes_listed; question_pages_not_audited,separate_solution_files_listed; item_level_audit_pending,source_link_only; republishing_permission_not_established,hold_for_item_asset_rights_audit,P3,金标尺课程页列出 2026 国考行测模拟卷一至三及对应解析文件；课程标价 ￥1，题面和转载许可未核验，仅作第三方模拟题源线索。
shikaobang-2026-guizhou-mock-series,事考帮 2026 贵州省考行测模拟卷（一至五）,贵州,2026,行测模拟系列（一至五）,5 套；单卷题量待核,third_party_module_mock,publisher_lists_5_mock_papers_and_solution_files; paid_access,https://www.jbcjiaoshi.com/wp/course/detail?brand=skb&no=c3916&province=guizhou,,not_audited,publisher_file_titles_and_sizes_listed; question_pages_not_audited,separate_solution_files_listed; item_level_audit_pending,source_link_only; republishing_permission_not_established,hold_for_item_asset_rights_audit,P3,事考帮课程页列出 2026 贵州省考行测模拟卷一至五及对应解析文件；课程标价 ￥9.9，题面和转载许可未核验，仅作第三方模拟题源线索。
guangdong-2019-乡镇卷,2019年广东省公务员录用考试《行测》真题（乡镇卷）,广东,2019,乡镇卷,100,third_party_recall,full_source_page_captured; user_confirmed_authorization,https://www.aipta.com/article/3483.html,https://lasee.net/gongwuyuan/168334212414024.html,verbal|quantitative|reasoning|science_reasoning|common_knowledge|data_analysis,100_question_blocks_captured; q95_options_reconciled_from_second_public_source; image_binary_assets_not_mirrored,100 public answer letters captured separately; cross-check in progress,user_confirmed_republication_authorization,hold_for_image_asset_audit,P1,原始 Aipta 页面和 100 个题号区块已归档；第95题 C/D 选项由同卷第二公开题面补录并保留来源；56 张图片仍为外链，暂不开放整卷模考。
bj-2018-全卷-30,2018年北京市公务员录用考试《行测》真题（考生回忆版）,北京,2018,全卷,135,third_party_recall,source_pdf_captured; user_confirmed_authorization,https://upload.xingguanggongkao.com/pdf/2018%E5%B9%B4%E5%8C%97%E4%BA%AC%E5%B8%82%E5%85%AC%E5%8A%A1%E5%91%98%E5%BD%95%E7%94%A8%E8%80%83%E8%AF%95%E3%80%8A%E8%A1%8C%E6%B5%8B%E3%80%8B%E7%9C%9F%E9%A2%98%EF%BC%88%E8%80%83%E7%94%9F%E5%9B%9E%E5%BF%86%E7%89%88%EF%BC%89.pdf?time=1733728841,https://www.xingguanggongkao.com/XingQuestion/paperList/subject_id/2/area_id/322.html,common_knowledge|verbal|quantitative|reasoning|data_analysis,135_question_recall_pdf_preserved; item_and_figure_audit_pending,public analysis page located; item-by-item cross-check pending,user_confirmed_republication_authorization,hold_for_answer_and_item_asset_audit,P1,完整回忆版 PDF 与文本提取已归档；卷内多选题和图题需按原 PDF 保留，答案未逐题核验。
jiangsu-2024-A-class,2024 年江苏省公务员录用考试《行测》A 类真题,江苏,2024,A 类,135,verified_exam,full original paper archived; 129 complete items integrated; 6 missing question items held,https://static.32xueyuan.com/zq//u/cms/zj/202411/221409378lxq.pdf,https://static.32xueyuan.com/zq//u/cms/zj/202411/221409378lxq.pdf,common_knowledge|verbal|quantitative|reasoning|data_analysis,original wording and option text retained; figures and shared materials linked to exact source groups,129/135 usable source answer keys and explanations; 6 missing items held,user_confirmed_republication_authorization,hold_full_paper_until_6_missing_items_resolved; common_knowledge_verbal_quantitative_and_data_analysis_sections_complete; reasoning_incomplete,P1,129 道题已进入对应模块；第 25、40、93、94、95 题从 IGet100 恢复并由星光公考核验答案解析；第 76～78、96、110～111 题仍缺完整题面或图形材料，留档待核。
zhejiang-2023-A-class,2023 年浙江省公务员录用考试《行测》A 卷（公开回忆题）,浙江,2023,A 类,125,recalled,full_original_question_and_answer_material_archived; all_125_items_complete,https://www.aipta.com/article/3524.html,https://static.32xueyuan.com/zq//u/cms/zj/202310/20144954ob39.pdf,common_knowledge|verbal|quantitative|reasoning|data_analysis,original wording retained; question images mirrored; all shared materials itemized and linked,125/125 answer keys; 125/125 explanations cross-checked against source PDF,user_confirmed_republication_authorization,complete_full_paper_available,P1,125 道原题、选项、图形、共用材料、答案和解析均完整并按原题号接入；开放整套行测卷及各模块分区模考。
jiangxi-2025-zhanhong-mock-1,展鸿 2025 年江西省公务员录用考试模拟卷（一）《行测》,江西,2025,模拟卷（一）,135,third_party_mock,full_publisher_question_and_answer_pdfs_archived; user_confirmed_authorization,https://static.32xueyuan.com/zq/u/cms/jx/202503/120855429qnm.pdf,https://static.32xueyuan.com/zq/u/cms/jx/202503/12085541lobk.pdf,political_theory|common_knowledge|verbal|quantitative|reasoning|data_analysis,135_question_blocks_archived; original wording retained; figures and shared materials linked to question groups; PDF math extraction artifacts reconciled against page images,135/135 keys and explanations checked against paired publisher PDF,user_confirmed_republication_authorization,complete_full_paper_available,P1,完整单选原卷已按模块题号入库，可参加整卷与模块模考。
jiangxi-2025-zhanhong-mock-3,展鸿 2025 年江西省公务员录用考试模拟卷（三）《行测》,江西,2025,模拟卷（三）,135,third_party_mock,full_publisher_question_and_answer_pdfs_archived; user_confirmed_authorization,https://static.32xueyuan.com/zq/u/cms/jx/202503/12085542c2xs.pdf,https://static.32xueyuan.com/zq/u/cms/jx/202503/051709044zd4.pdf,political_theory|common_knowledge|verbal|quantitative|reasoning|data_analysis,135_question_blocks_archived; original wording retained; figures and shared materials linked to question groups; PDF math extraction artifacts reconciled against page images,135/135 keys and explanations checked against paired publisher PDF; 5 multi-select items held,user_confirmed_republication_authorization,hold_full_paper; complete_module_sections_available_except_incomplete_political_theory,P1,第11–15题为多选题，已归档并暂缓进入单选题库；政治理论模块因此不开放完整模块卷，其他完整模块可模考。
jilin-2026-recall-candidate,2026年吉林省公务员录用考试《行测》题（网友回忆版候选）,吉林,2026,2026年3月14日多省联考；网友回忆版,,third_party_exam_recall_candidate,public_question_page; answer_and_asset_audit_pending,https://gwy.gkzhenti.cn/paper/1780125184052,,,"Recall question page available; full question count, options, figures, and shared materials pending item audit",No independently verified answer key captured,user_confirmed_republication_authorization,hold_for_item_answer_and_asset_audit,P1,公开题面页标注来源为粉笔。多省联考题目存在跨省重复；需核题量、答案、图表/材料并做跨卷去重后，才可进入模块题库或整卷模考。
shaanxi-2026-recall-candidate,2026年陕西省公务员录用考试《行测》题（网友回忆版候选）,陕西,2026,2026年3月14日多省联考；网友回忆版,,third_party_exam_recall_candidate,public_question_page; answer_and_asset_audit_pending,https://gwy.gkzhenti.cn/paper/1775360736959,,,"Recall question page available; full question count, options, figures, and shared materials pending item audit",No independently verified answer key captured,user_confirmed_republication_authorization,hold_for_item_answer_and_asset_audit,P1,公开题面页标注来源为粉笔。多省联考题目存在跨省重复；需核题量、答案、图表/材料并做跨卷去重后，才可进入模块题库或整卷模考。
hunan-2026-recall-candidate,2026年湖南省公务员录用考试《行测》题（网友回忆版候选）,湖南,2026,2026年3月14日多省联考；网友回忆版,,third_party_exam_recall_candidate,public_question_page; answer_and_asset_audit_pending,https://gwy.gkzhenti.cn/paper/1775360736858,,,"Recall question page available; full question count, options, figures, and shared materials pending item audit",No independently verified answer key captured,user_confirmed_republication_authorization,hold_for_item_answer_and_asset_audit,P1,公开题面页标注来源为粉笔。多省联考题目存在跨省重复；需核题量、答案、图表/材料并做跨卷去重后，才可进入模块题库或整卷模考。
yunnan-2026-recall-candidate,2026年云南省公务员录用考试《行测》题（网友回忆版候选）,云南,2026,2026年3月14日多省联考；网友回忆版,,third_party_exam_recall_candidate,public_question_page; answer_and_asset_audit_pending,https://gwy.gkzhenti.cn/paper/1775360736655,,,"Recall question page available; full question count, options, figures, and shared materials pending item audit",No independently verified answer key captured,user_confirmed_republication_authorization,hold_for_item_answer_and_asset_audit,P1,公开题面页标注来源为粉笔。多省联考题目存在跨省重复；需核题量、答案、图表/材料并做跨卷去重后，才可进入模块题库或整卷模考。
xinjiang-2026-recall-candidate,2026年新疆省公务员录用考试《行测》题（网友回忆版候选）,新疆,2026,2026年3月14日多省联考；网友回忆版,,third_party_exam_recall_candidate,public_question_page; answer_and_asset_audit_pending,https://gwy.gkzhenti.cn/paper/1775360736555,,,"Recall question page available; full question count, options, figures, and shared materials pending item audit",No independently verified answer key captured,user_confirmed_republication_authorization,hold_for_item_answer_and_asset_audit,P1,公开题面页标注来源为粉笔。多省联考题目存在跨省重复；需核题量、答案、图表/材料并做跨卷去重后，才可进入模块题库或整卷模考。
shanxi-2026-recall-candidate,2026年山西省公务员录用考试《行测》题（网友回忆版候选）,山西,2026,2026年3月14日多省联考；网友回忆版,,third_party_exam_recall_candidate,public_question_page; answer_and_asset_audit_pending,https://gwy.gkzhenti.cn/paper/1775360736455,,,"Recall question page available; full question count, options, figures, and shared materials pending item audit",No independently verified answer key captured,user_confirmed_republication_authorization,hold_for_item_answer_and_asset_audit,P1,公开题面页标注来源为粉笔。多省联考题目存在跨省重复；需核题量、答案、图表/材料并做跨卷去重后，才可进入模块题库或整卷模考。
qinghai-2026-recall-candidate,2026年青海省公务员录用考试《行测》题（网友回忆版候选）,青海,2026,2026年3月14日多省联考；网友回忆版,,third_party_exam_recall_candidate,public_question_page; answer_and_asset_audit_pending,https://gwy.gkzhenti.cn/paper/1775360736353,,,"Recall question page available; full question count, options, figures, and shared materials pending item audit",No independently verified answer key captured,user_confirmed_republication_authorization,hold_for_item_answer_and_asset_audit,P1,公开题面页标注来源为粉笔。多省联考题目存在跨省重复；需核题量、答案、图表/材料并做跨卷去重后，才可进入模块题库或整卷模考。
liaoning-2026-recall-candidate,2026年辽宁省公务员录用考试《行测》题（网友回忆版候选）,辽宁,2026,2026年3月14日多省联考；网友回忆版,,third_party_exam_recall_candidate,public_question_page; answer_and_asset_audit_pending,https://gwy.gkzhenti.cn/paper/1775360736252,,,"Recall question page available; full question count, options, figures, and shared materials pending item audit",No independently verified answer key captured,user_confirmed_republication_authorization,hold_for_item_answer_and_asset_audit,P1,公开题面页标注来源为粉笔。多省联考题目存在跨省重复；需核题量、答案、图表/材料并做跨卷去重后，才可进入模块题库或整卷模考。
jiangxi-2026-recall-candidate,2026年江西省公务员录用考试《行测》题（网友回忆版候选）,江西,2026,2026年3月14日多省联考；网友回忆版,,third_party_exam_recall_candidate,public_question_page; answer_and_asset_audit_pending,https://gwy.gkzhenti.cn/paper/1775360736151,,,"Recall question page available; full question count, options, figures, and shared materials pending item audit",No independently verified answer key captured,user_confirmed_republication_authorization,hold_for_item_answer_and_asset_audit,P1,公开题面页标注来源为粉笔。多省联考题目存在跨省重复；需核题量、答案、图表/材料并做跨卷去重后，才可进入模块题库或整卷模考。
heilongjiang-2026-recall-candidate,2026年黑龙江省公务员录用考试《行测》题（网友回忆版候选）,黑龙江,2026,2026年3月14日多省联考；华图估分回忆页,,third_party_exam_recall_candidate,public_partial_recall_page; answer_and_asset_audit_pending,https://ah.huatu.com/tiku/dfgwy/2026hljskgf/,,,Interactive recall page; missing items or full material status pending,No independently verified answer key captured,user_confirmed_republication_authorization,hold_for_item_answer_and_asset_audit,P1,华图估分回忆题页；页面存在题目缺失提示。 与其他省份回忆页存在可能的重复题，需逐题比对。
gansu-2026-recall-candidate,2026年甘肃省公务员录用考试《行测》题（网友回忆版候选）,甘肃,2026,2026年3月14日多省联考；华图估分回忆页,,third_party_exam_recall_candidate,public_partial_recall_page; answer_and_asset_audit_pending,https://ah.huatu.com/tiku/dfgwy/2026gsskgf/,,,Interactive recall page; missing items or full material status pending,No independently verified answer key captured,user_confirmed_republication_authorization,hold_for_item_answer_and_asset_audit,P1,华图估分回忆题页；题面、答案与材料完整性待审。 与其他省份回忆页存在可能的重复题，需逐题比对。
