question_id,paper_id,original_question_no,section_order,module,submodule,short_summary,shared_stimulus_id,asset_dependency,answer_status,question_source_url,record_status,random_mock_eligibility,note
bj2023-q1,bj-2023-全卷-21,1,1,common_knowledge,political_culture,辨析古语中哪些表达以民为本。,,none,answer_not_audited,https://www.aipta.com/article/5377.html,summary_located,candidate_after_item_audit,题意为短摘要；不得将第三方回忆题标成官方发布。
bj2023-q31,bj-2023-全卷-21,31,2,verbal,main_idea,判断一段关于法律制度落地、公平执法与法治队伍能力建设的文字主旨。,,none,answer_not_audited,https://upload.xingguanggongkao.com/pdf/2023%E5%B9%B4%E5%8C%97%E4%BA%AC%E5%B8%82%E5%85%AC%E5%8A%A1%E5%91%98%E5%BD%95%E7%94%A8%E8%80%83%E8%AF%95%E3%80%8A%E8%A1%8C%E6%B5%8B%E3%80%8B%E7%9C%9F%E9%A2%98%EF%BC%88%E8%80%83%E7%94%9F%E5%9B%9E%E5%BF%86%E7%89%88%EF%BC%89.pdf?time=1733730281,summary_located,candidate_after_item_audit,材料题需保留原文段落作为单题材料，当前摘要不替代原题。
bj2023-q34,bj-2023-全卷-21,34,2,verbal,passage_comprehension,概括放射状神经胶质在大脑形成过程中的作用。,,shared_passage,answer_not_audited,https://upload.xingguanggongkao.com/pdf/2023%E5%B9%B4%E5%8C%97%E4%BA%AC%E5%B8%82%E5%85%AC%E5%8A%A1%E5%91%98%E5%BD%95%E7%94%A8%E8%80%83%E8%AF%95%E3%80%8A%E8%A1%8C%E6%B5%8B%E3%80%8B%E7%9C%9F%E9%A2%98%EF%BC%88%E8%80%83%E7%94%9F%E5%9B%9E%E5%BF%86%E7%89%88%EF%BC%89.pdf?time=1733730281,summary_located,candidate_after_item_audit,科学背景的阅读理解题，归属言语，不因话题是生物而误标科学推理。
bj2023-q61,bj-2023-全卷-21,61,3,quantitative,ratio_and_proportion,根据三人藏书总量及与第三人的倍数关系求其中一人的数量。,,none,answer_derived_needs_source_key_check,https://www.aipta.com/article/5377.html,summary_located,candidate_after_item_audit,简单比值计算；导入时仍需核对原卷选项/参考答案。
bj2023-q81,bj-2023-全卷-21,81,4,reasoning,figure_reasoning,根据两组视觉图形间的关系选择匹配图形。,,question_figure_and_options,answer_not_audited,https://upload.xingguanggongkao.com/pdf/2023%E5%B9%B4%E5%8C%97%E4%BA%AC%E5%B8%82%E5%85%AC%E5%8A%A1%E5%91%98%E5%BD%95%E7%94%A8%E8%80%83%E8%AF%95%E3%80%8A%E8%A1%8C%E6%B5%8B%E3%80%8B%E7%9C%9F%E9%A2%98%EF%BC%88%E8%80%83%E7%94%9F%E5%9B%9E%E5%BF%86%E7%89%88%EF%BC%89.pdf?time=1733730281,asset_needed,not_until_figure_and_all_options_verified,视觉题不能只导入题号；需核原图与四个选项。
bj2023-q91,bj-2023-全卷-21,91,4,reasoning,syllogism,由全称与存在命题判断必然推出的结论。,,none,answer_cross_check_pending,https://www.aipta.com/article/5377.html,summary_located,candidate_after_item_audit,可定位公开答案解析，最终答案核对后再标记。
bj2023-q95,bj-2023-全卷-21,95,4,reasoning,argument_support,评估蜘蛛网微塑料含量能否支持其作为区域空气污染指标。,,none,answer_not_audited,https://upload.xingguanggongkao.com/pdf/2023%E5%B9%B4%E5%8C%97%E4%BA%AC%E5%B8%82%E5%85%AC%E5%8A%A1%E5%91%98%E5%BD%95%E7%94%A8%E8%80%83%E8%AF%95%E3%80%8A%E8%A1%8C%E6%B5%8B%E3%80%8B%E7%9C%9F%E9%A2%98%EF%BC%88%E8%80%83%E7%94%9F%E5%9B%9E%E5%BF%86%E7%89%88%EF%BC%89.pdf?time=1733730281,summary_located,candidate_after_item_audit,科学话题的论证题，模块仍是判断推理。
bj2023-q106,bj-2023-全卷-21,106,4,reasoning,definition_judgment,依据活动定义判断某项行为是否属于现场演出。,,none,answer_not_audited,https://upload.xingguanggongkao.com/pdf/2023%E5%B9%B4%E5%8C%97%E4%BA%AC%E5%B8%82%E5%85%AC%E5%8A%A1%E5%91%98%E5%BD%95%E7%94%A8%E8%80%83%E8%AF%95%E3%80%8A%E8%A1%8C%E6%B5%8B%E3%80%8B%E7%9C%9F%E9%A2%98%EF%BC%88%E8%80%83%E7%94%9F%E5%9B%9E%E5%BF%86%E7%89%88%EF%BC%89.pdf?time=1733730281,summary_located,candidate_after_item_audit,按回忆 PDF，判断推理部分含 81–115 题。
bj2023-q126,bj-2023-全卷-21,126,5,data_analysis,year_over_year_comparison,根据网络举报统计材料比较 2019 年第四季度与上年同期数量。,bj2023-data-126-127,shared_table,answer_not_audited,https://upload.xingguanggongkao.com/pdf/2023%E5%B9%B4%E5%8C%97%E4%BA%AC%E5%B8%82%E5%85%AC%E5%8A%A1%E5%91%98%E5%BD%95%E7%94%A8%E8%80%83%E8%AF%95%E3%80%8A%E8%A1%8C%E6%B5%8B%E3%80%8B%E7%9C%9F%E9%A2%98%EF%BC%88%E8%80%83%E7%94%9F%E5%9B%9E%E5%BF%86%E7%89%88%EF%BC%89.pdf?time=1733730281,partial_material_located,not_until_table_and_shared_stimulus_verified,Q126 与 Q127 共用材料。
bj2023-q127,bj-2023-全卷-21,127,5,data_analysis,minimum_by_quarter,根据网络安全事件报告季度数据判断数量最低的季度。,bj2023-data-126-127,shared_table,answer_not_audited,https://upload.xingguanggongkao.com/pdf/2023%E5%B9%B4%E5%8C%97%E4%BA%AC%E5%B8%82%E5%85%AC%E5%8A%A1%E5%91%98%E5%BD%95%E7%94%A8%E8%80%83%E8%AF%95%E3%80%8A%E8%A1%8C%E6%B5%8B%E3%80%8B%E7%9C%9F%E9%A2%98%EF%BC%88%E8%80%83%E7%94%9F%E5%9B%9E%E5%BF%86%E7%89%88%EF%BC%89.pdf?time=1733730281,partial_material_located,not_until_table_and_shared_stimulus_verified,Q126 与 Q127 共用材料。
zj2026a-q48,zhejiang-2026-A-类,48,4,quantitative,motion_rate,结合两名徒步者速度差和一人中途休息时间求追及距离。,,none,answer_not_audited,https://upload.xingguanggongkao.com/pdf/2026%E5%B9%B4%E6%B5%99%E6%B1%9F%E7%9C%81%E5%85%AC%E5%8A%A1%E5%91%98%E5%BD%95%E7%94%A8%E8%80%83%E8%AF%95%E3%80%8A%E8%A1%8C%E6%B5%8B%E3%80%8B%E7%9C%9F%E9%A2%98%EF%BC%88A%E5%8D%B7-%E8%80%83%E7%94%9F%E5%9B%9E%E5%BF%86%E7%89%88%EF%BC%89.pdf?time=1773041235,summary_from_recall_pdf,candidate_after_item_audit,来源为考生回忆版；答案与题面完整性待核。
zj2026c-q89,zhejiang-2026-C-类,89,5,reasoning,logical_relation,比较诗句中前后分句之间的逻辑关系并寻找同类关系。,,none,answer_not_audited,https://www.benet-wh.com.cn/shengkao/xingce/26121.html,summary_from_public_recall_text,candidate_after_item_audit,题面包含诗句选项，保留完整上下文后再入库；逐题定位页为公开回忆版题面，整卷 PDF 仍见对应 paper_id 来源。
zj2026c-q90,zhejiang-2026-C-类,90,5,reasoning,claim_evaluation_science_context,分析以玉米穗行数判断转基因产品的说法是否成立。,,none,answer_not_audited,https://www.benet-wh.com.cn/shengkao/xingce/26121.html,summary_from_public_recall_text,candidate_after_item_audit,科学背景论证题归入判断推理；若后续校验其所属模块不同，按原卷分区修正；逐题定位页为公开回忆版题面，整卷 PDF 仍见对应 paper_id 来源。
gd2025-science-q66,guangdong-2025-全省合卷,66,,science_reasoning,physics,广东 2025 回忆卷中的科学推理题，现科学题库已有该题的改述记录。,,question_options_or_diagram_if_any,existing_science_bank_record,https://upload.xingguanggongkao.com/pdf/2025%E5%B9%B4%E5%B9%BF%E4%B8%9C%E7%9C%81%E5%85%AC%E5%8A%A1%E5%91%98%E5%BD%95%E7%94%A8%E8%80%83%E8%AF%95%E3%80%8A%E8%A1%8C%E6%B5%8B%E3%80%8B%E7%9C%9F%E9%A2%98%EF%BC%88%E8%80%83%E7%94%9F%E5%9B%9E%E5%BF%86%E7%89%88%EF%BC%89.pdf?time=1760927301,already_in_science_bank,do_not_duplicate_on_import,沿用现有科学题库 sourceId；此行是跨模块暂存索引的来源映射，不是新增题目。；对应整卷索引 ID 已统一。
bj2026-outline-physics-example,bj-2026-outline-example-1,example-1,,science_reasoning,physics,北京官方大纲中的蜻蜓运动/匀速运动例题。,,official_outline_figure_or_text,official_outline_answer,https://www.beijing.gov.cn/gongkai/rsxx/gwyzk/202511/P020251110416492086501.pdf,official_outline_example,not_a_full_paper,官方例题独立于真题回忆卷。
zja2026-q1,zhejiang-2026-A-类,1,1,political_theory,human_nature_relation,辨析人与自然关系相关论述与马克思主义观点是否一致。,,none,answer_not_audited,https://upload.xingguanggongkao.com/pdf/2026%E5%B9%B4%E6%B5%99%E6%B1%9F%E7%9C%81%E5%85%AC%E5%8A%A1%E5%91%98%E5%BD%95%E7%94%A8%E8%80%83%E8%AF%95%E3%80%8A%E8%A1%8C%E6%B5%8B%E3%80%8B%E7%9C%9F%E9%A2%98%EF%BC%88A%E5%8D%B7-%E8%80%83%E7%94%9F%E5%9B%9E%E5%BF%86%E7%89%88%EF%BC%89.pdf?time=1773041235,summary_from_recall_pdf_text_copy,candidate_after_item_audit,与浙江 C 类回忆卷第 1 题题面相同；随机模块卷按内容去重，整卷仍按各 paper_id 保留题位。
zja2026-q11,zhejiang-2026-A-类,11,2,common_knowledge,economic_situation,结合消费、内需贡献率和全球经济预测辨别经济运行表述。,,none,answer_not_audited,https://upload.xingguanggongkao.com/pdf/2026%E5%B9%B4%E6%B5%99%E6%B1%9F%E7%9C%81%E5%85%AC%E5%8A%A1%E5%91%98%E5%BD%95%E7%94%A8%E8%80%83%E8%AF%95%E3%80%8A%E8%A1%8C%E6%B5%8B%E3%80%8B%E7%9C%9F%E9%A2%98%EF%BC%88A%E5%8D%B7-%E8%80%83%E7%94%9F%E5%9B%9E%E5%BF%86%E7%89%88%EF%BC%89.pdf?time=1773041235,summary_from_recall_pdf_text_copy,candidate_after_item_audit,与浙江 C 类第 11 题题面相同；随机模块卷按内容去重，整卷仍按各 paper_id 保留题位。
zja2026-q21,zhejiang-2026-A-类,21,3,verbal,contextual_word_choice,结合氦气的化学惰性和物理特征选择语境词语。,,shared_passage,answer_not_audited,https://upload.xingguanggongkao.com/pdf/2026%E5%B9%B4%E6%B5%99%E6%B1%9F%E7%9C%81%E5%85%AC%E5%8A%A1%E5%91%98%E5%BD%95%E7%94%A8%E8%80%83%E8%AF%95%E3%80%8A%E8%A1%8C%E6%B5%8B%E3%80%8B%E7%9C%9F%E9%A2%98%EF%BC%88A%E5%8D%B7-%E8%80%83%E7%94%9F%E5%9B%9E%E5%BF%86%E7%89%88%EF%BC%89.pdf?time=1773041235,summary_from_recall_pdf_text_copy,candidate_after_item_audit,与浙江 C 类第 21 题为同一题；原段落必须随题保存，随机模块卷应去重。
zja2026-q38,zhejiang-2026-A-类,38,3,verbal,passage_detail,根据《史记》《汉书》评价变迁的文段判断未提及的现象及其原因。,,shared_passage,answer_not_audited,https://upload.xingguanggongkao.com/pdf/2026%E5%B9%B4%E6%B5%99%E6%B1%9F%E7%9C%81%E5%85%AC%E5%8A%A1%E5%91%98%E5%BD%95%E7%94%A8%E8%80%83%E8%AF%95%E3%80%8A%E8%A1%8C%E6%B5%8B%E3%80%8B%E7%9C%9F%E9%A2%98%EF%BC%88A%E5%8D%B7-%E8%80%83%E7%94%9F%E5%9B%9E%E5%BF%86%E7%89%88%EF%BC%89.pdf?time=1773041235,summary_from_recall_pdf_text_copy,candidate_after_item_audit,题干原文是单题材料；保留完整段落后再导入。
zja2026-q46,zhejiang-2026-A-类,46,4,quantitative,rate_and_equalization,根据两个水池水位变化速度和初始差值计算水位相同时刻。,,none,answer_not_audited,https://upload.xingguanggongkao.com/pdf/2026%E5%B9%B4%E6%B5%99%E6%B1%9F%E7%9C%81%E5%85%AC%E5%8A%A1%E5%91%98%E5%BD%95%E7%94%A8%E8%80%83%E8%AF%95%E3%80%8A%E8%A1%8C%E6%B5%8B%E3%80%8B%E7%9C%9F%E9%A2%98%EF%BC%88A%E5%8D%B7-%E8%80%83%E7%94%9F%E5%9B%9E%E5%BF%86%E7%89%88%EF%BC%89.pdf?time=1773041235,summary_from_recall_pdf_text_copy,candidate_after_item_audit,与浙江 C 类第 46 题题面相同；随机模块卷按内容去重，整卷仍按各 paper_id 保留题位。
zja2026-q49,zhejiang-2026-A-类,49,4,quantitative,work_rest_cycle,根据四名员工轮休周期，计算某月四人同时在岗的天数。,,none,answer_not_audited,https://upload.xingguanggongkao.com/pdf/2026%E5%B9%B4%E6%B5%99%E6%B1%9F%E7%9C%81%E5%85%AC%E5%8A%A1%E5%91%98%E5%BD%95%E7%94%A8%E8%80%83%E8%AF%95%E3%80%8A%E8%A1%8C%E6%B5%8B%E3%80%8B%E7%9C%9F%E9%A2%98%EF%BC%88A%E5%8D%B7-%E8%80%83%E7%94%9F%E5%9B%9E%E5%BF%86%E7%89%88%EF%BC%89.pdf?time=1773041235,summary_from_recall_pdf_text_copy,candidate_after_item_audit,短摘要已定位，答案与选项尚未独立复核。
zja2026-q66,zhejiang-2026-A-类,66,5,reasoning,figure_reasoning,根据图形序列的变化规律选择填入问号处的图形。,,question_figure_and_options,answer_not_audited,https://upload.xingguanggongkao.com/pdf/2026%E5%B9%B4%E6%B5%99%E6%B1%9F%E7%9C%81%E5%85%AC%E5%8A%A1%E5%91%98%E5%BD%95%E7%94%A8%E8%80%83%E8%AF%95%E3%80%8A%E8%A1%8C%E6%B5%8B%E3%80%8B%E7%9C%9F%E9%A2%98%EF%BC%88A%E5%8D%B7-%E8%80%83%E7%94%9F%E5%9B%9E%E5%BF%86%E7%89%88%EF%BC%89.pdf?time=1773041235,asset_needed,not_until_figure_and_all_options_verified,题面依赖原卷图形和选项；文字转录不能替代图形资源。
zja2026-q76,zhejiang-2026-A-类,76,5,reasoning,analogy,比较“板鞋：鞋”等词语之间的类别关系。,,none,answer_not_audited,https://upload.xingguanggongkao.com/pdf/2026%E5%B9%B4%E6%B5%99%E6%B1%9F%E7%9C%81%E5%85%AC%E5%8A%A1%E5%91%98%E5%BD%95%E7%94%A8%E8%80%83%E8%AF%95%E3%80%8A%E8%A1%8C%E6%B5%8B%E3%80%8B%E7%9C%9F%E9%A2%98%EF%BC%88A%E5%8D%B7-%E8%80%83%E7%94%9F%E5%9B%9E%E5%BF%86%E7%89%88%EF%BC%89.pdf?time=1773041235,summary_from_recall_pdf_text_copy,candidate_after_item_audit,按判断推理模块原题号定位。
zja2026-q86,zhejiang-2026-A-类,86,5,reasoning,definition_judgment,依据表层扮演与深层扮演的定义识别相符行为。,,shared_definition,answer_not_audited,https://upload.xingguanggongkao.com/pdf/2026%E5%B9%B4%E6%B5%99%E6%B1%9F%E7%9C%81%E5%85%AC%E5%8A%A1%E5%91%98%E5%BD%95%E7%94%A8%E8%80%83%E8%AF%95%E3%80%8A%E8%A1%8C%E6%B5%8B%E3%80%8B%E7%9C%9F%E9%A2%98%EF%BC%88A%E5%8D%B7-%E8%80%83%E7%94%9F%E5%9B%9E%E5%BF%86%E7%89%88%EF%BC%89.pdf?time=1773041235,summary_from_recall_pdf_text_copy,candidate_after_item_audit,与浙江 C 类第 76 题为同一题；随机模块卷按内容去重，整卷仍按各 paper_id 保留题位。
zja2026-q105,zhejiang-2026-A-类,105,5,reasoning,argument_fallacy,判断把一次未完成作业推演成辍学和犯罪的对话所犯逻辑错误。,,none,answer_not_audited,https://upload.xingguanggongkao.com/pdf/2026%E5%B9%B4%E6%B5%99%E6%B1%9F%E7%9C%81%E5%85%AC%E5%8A%A1%E5%91%98%E5%BD%95%E7%94%A8%E8%80%83%E8%AF%95%E3%80%8A%E8%A1%8C%E6%B5%8B%E3%80%8B%E7%9C%9F%E9%A2%98%EF%BC%88A%E5%8D%B7-%E8%80%83%E7%94%9F%E5%9B%9E%E5%BF%86%E7%89%88%EF%BC%89.pdf?time=1773041235,summary_from_recall_pdf_text_copy,candidate_after_item_audit,该题为判断推理末段；按原卷分区保留。
zja2026-q106,zhejiang-2026-A-类,106,6,data_analysis,share_calculation,根据化工新材料产业规模统计计算中美两国规模合计占全球比重。,zj2026-chemical-material-data,shared_table,answer_not_audited,https://upload.xingguanggongkao.com/pdf/2026%E5%B9%B4%E6%B5%99%E6%B1%9F%E7%9C%81%E5%85%AC%E5%8A%A1%E5%91%98%E5%BD%95%E7%94%A8%E8%80%83%E8%AF%95%E3%80%8A%E8%A1%8C%E6%B5%8B%E3%80%8B%E7%9C%9F%E9%A2%98%EF%BC%88A%E5%8D%B7-%E8%80%83%E7%94%9F%E5%9B%9E%E5%BF%86%E7%89%88%EF%BC%89.pdf?time=1773041235,partial_material_located,not_until_table_and_shared_stimulus_verified,与浙江 C 类第 96–100 题共用资料；该组题跨 A/C 卷有重复题，随机组卷按共享题组去重。
zja2026-q107,zhejiang-2026-A-类,107,6,data_analysis,year_over_year_value,根据产业规模资料估算中国 2022 年同比增加值。,zj2026-chemical-material-data,shared_table,answer_not_audited,https://upload.xingguanggongkao.com/pdf/2026%E5%B9%B4%E6%B5%99%E6%B1%9F%E7%9C%81%E5%85%AC%E5%8A%A1%E5%91%98%E5%BD%95%E7%94%A8%E8%80%83%E8%AF%95%E3%80%8A%E8%A1%8C%E6%B5%8B%E3%80%8B%E7%9C%9F%E9%A2%98%EF%BC%88A%E5%8D%B7-%E8%80%83%E7%94%9F%E5%9B%9E%E5%BF%86%E7%89%88%EF%BC%89.pdf?time=1773041235,partial_material_located,not_until_table_and_shared_stimulus_verified,与浙江 C 类第 96–100 题共用资料；原表、汇率和选项需完整保留。
zjc2026-q14,zhejiang-2026-C-类,14,2,common_knowledge,history_and_clothing,根据服饰图片判断对应的历史时期。,,question_image_and_options,answer_not_audited,https://www.benet-wh.com.cn/shengkao/xingce/26121.html,asset_needed,not_until_figure_and_all_options_verified,题目依赖服饰图片，图片和全部选项均需核验。
zjc2026-q18,zhejiang-2026-C-类,18,2,common_knowledge,astronomy,判断月全食形成“血月”的成因。,,none,answer_not_audited,https://www.benet-wh.com.cn/shengkao/xingce/26121.html,summary_from_public_recall_text,candidate_after_item_audit,科学常识题，原卷归属常识判断；不能仅凭知识点话题改归科学推理。
zjc2026-q22,zhejiang-2026-C-类,22,3,verbal,contextual_word_choice,结合政务服务窗口的功能变化选择两处语境词语。,,shared_passage,answer_not_audited,https://www.benet-wh.com.cn/shengkao/xingce/26121.html,summary_from_public_recall_text,candidate_after_item_audit,保留单题完整段落和两个空格的上下文。
zjc2026-q50,zhejiang-2026-C-类,50,4,quantitative,counting_and_ratio,根据乒乓球单打、双打人数关系比较男女参与人数差。,,none,answer_not_audited,https://www.benet-wh.com.cn/shengkao/xingce/26121.html,summary_from_public_recall_text,candidate_after_item_audit,按数量关系模块原题号定位。
zjc2026-q61,zhejiang-2026-C-类,61,5,reasoning,figure_reasoning,根据图形规律选择填入问号处的选项。,,question_figure_and_options,answer_not_audited,https://www.benet-wh.com.cn/shengkao/xingce/26121.html,asset_needed,not_until_figure_and_all_options_verified,题面依赖原卷图形和选项；图片链接需纳入资源清单。
zjc2026-q70,zhejiang-2026-C-类,70,5,reasoning,analogy,比较抗日战争时期与解放战争时期之间的时间关系。,,none,answer_not_audited,https://www.benet-wh.com.cn/shengkao/xingce/26121.html,summary_from_public_recall_text,candidate_after_item_audit,按判断推理模块原题号定位。
zjc2026-q88,zhejiang-2026-C-类,88,5,reasoning,conditional_logic,依据六名比赛获奖者的一等奖、二等奖、三等奖约束判断必然结论。,,none,answer_not_audited,https://www.benet-wh.com.cn/shengkao/xingce/26121.html,summary_from_public_recall_text,candidate_after_item_audit,该题的条件约束属于本题题干，需与题目一同保存；不是多题共用材料组。
zjc2026-q96,zhejiang-2026-C-类,96,6,data_analysis,share_calculation,根据化工新材料产业规模统计计算中美两国规模合计占全球比重。,zj2026-chemical-material-data,shared_table,answer_not_audited,https://www.benet-wh.com.cn/shengkao/xingce/26121.html,partial_material_located,not_until_table_and_shared_stimulus_verified,与浙江 A 类第 106–110 题共用资料并包含重复题；随机组卷按共享题组去重，整卷仍保留 C 类原题号。
zjc2026-q97,zhejiang-2026-C-类,97,6,data_analysis,year_over_year_value,根据产业规模资料估算中国 2022 年同比增加值。,zj2026-chemical-material-data,shared_table,answer_not_audited,https://www.benet-wh.com.cn/shengkao/xingce/26121.html,partial_material_located,not_until_table_and_shared_stimulus_verified,与浙江 A 类第 106–110 题共用资料并包含重复题；原表、汇率和选项需完整保留。
zja2025-q1,zhejiang-2025-A-类,1,1,political_theory,party_theory,判断习近平新时代中国特色社会主义思想相关理论表述及其历史地位。,,none,answer_not_audited,https://gwy.gkzhenti.cn/paper/1739531137130,summary_from_public_recall_page,candidate_after_item_audit,回忆卷原题号；答案尚未独立复核。
zja2025-q11,zhejiang-2025-A-类,11,2,common_knowledge,economic_policy,结合中央政治局经济部署判断政策表述是否准确。,,none,answer_not_audited,https://gwy.gkzhenti.cn/paper/1739531137130,summary_from_public_recall_page,candidate_after_item_audit,按原卷常识判断分区归类。
zja2025-q21,zhejiang-2025-A-类,21,3,verbal,contextual_word_choice,根据传播中国故事的语境选择恰当成语填入文段。,,shared_passage,answer_not_audited,https://gwy.gkzhenti.cn/paper/1739531137130,summary_from_public_recall_page,candidate_after_item_audit,需保留单题原文段落。
zja2025-q49,zhejiang-2025-A-类,49,3,verbal,main_idea,概括传统旅游城市适应游客体验需求变化的方向。,,shared_passage,answer_not_audited,https://gwy.gkzhenti.cn/paper/1739531137130,summary_from_public_recall_page,candidate_after_item_audit,按言语理解模块分区定位。
zja2025-q51,zhejiang-2025-A-类,51,4,quantitative,number_sequence,根据数列项的递增变化规律补出下一项。,,none,answer_not_audited,https://gwy.gkzhenti.cn/paper/1739531137130,summary_from_public_recall_page,candidate_after_item_audit,题目为数字推理；原题号和模块分区已核。
zja2025-q71,zhejiang-2025-A-类,71,5,reasoning,figure_reasoning,根据图形变化规律选择填入问号处的图形。,,question_figure_and_options,answer_not_audited,https://gwy.gkzhenti.cn/paper/1739531137130,asset_needed,not_until_figure_and_all_options_verified,需要原卷图形和完整选项。
zja2025-q101,zhejiang-2025-A-类,101,5,reasoning,syllogism,根据单位部门人员身份与团建参与情况判断可推出的结论。,,none,answer_not_audited,https://gwy.gkzhenti.cn/paper/1739531137130,summary_from_public_recall_page,candidate_after_item_audit,简短摘要；不替代完整题干与选项。
zja2025-q111,zhejiang-2025-A-类,111,6,data_analysis,growth_increment_ranking,根据民航、公路、铁路、水路旅客运输量及同比增速排序同比增量。,zj2025a-passenger-transport-data-111-115,shared_table_and_chart,answer_not_audited,https://gwy.gkzhenti.cn/paper/1739531137130,partial_material_located,not_until_table_and_shared_stimulus_verified,Q111–115 共用材料，图表需随题组保存。
zja2025-q112,zhejiang-2025-A-类,112,6,data_analysis,multiple_comparison,根据民航旅客运输量资料估算 2023 年 3 月相对上年月均水平的倍数。,zj2025a-passenger-transport-data-111-115,shared_table_and_chart,answer_not_audited,https://gwy.gkzhenti.cn/paper/1739531137130,partial_material_located,not_until_table_and_shared_stimulus_verified,Q111–115 共用材料，图表需随题组保存。
zhanhong25a-q1,zhanhong-2025-mock-A 类,1,1,common_knowledge,party_governance,识别全面从严治党体系中被置于首位的组织体系要求。,,none,answer_key_in_pdf_not_audited,https://zhanhong-32-read-able.oss-cn-hangzhou.aliyuncs.com/upload/videos/2024/11/02/%E5%B1%95%E9%B8%BF2025%E5%B9%B4%E6%B5%99%E6%B1%9F%E7%9C%81%E8%80%83%E3%80%8A%E8%A1%8C%E6%94%BF%E8%81%8C%E4%B8%9A%E8%83%BD%E5%8A%9B%E6%B5%8B%E9%AA%8C%E3%80%8B%E6%A8%A1%E6%8B%9F%E5%8D%B7110344187.pdf,summary_from_public_mock_pdf,candidate_after_item_audit,展鸿 A 类模拟卷；原卷第一部分标为常识判断，答案解析在同一 PDF 后段。
zhanhong25a-q21,zhanhong-2025-mock-A 类,21,2,verbal,contextual_word_choice,根据城市景观规划和城市文化的语境选择填空词语。,,shared_passage,answer_key_in_pdf_not_audited,https://zhanhong-32-read-able.oss-cn-hangzhou.aliyuncs.com/upload/videos/2024/11/02/%E5%B1%95%E9%B8%BF2025%E5%B9%B4%E6%B5%99%E6%B1%9F%E7%9C%81%E8%80%83%E3%80%8A%E8%A1%8C%E6%94%BF%E8%81%8C%E4%B8%9A%E8%83%BD%E5%8A%9B%E6%B5%8B%E9%AA%8C%E3%80%8B%E6%A8%A1%E6%8B%9F%E5%8D%B7110344187.pdf,summary_from_public_mock_pdf,candidate_after_item_audit,展鸿 A 类模拟卷；需保留完整文段。
zhanhong25a-q51,zhanhong-2025-mock-A 类,51,3,quantitative,number_sequence,根据数列分组与幂次规律补出缺失项。,,none,answer_key_in_pdf_not_audited,https://zhanhong-32-read-able.oss-cn-hangzhou.aliyuncs.com/upload/videos/2024/11/02/%E5%B1%95%E9%B8%BF2025%E5%B9%B4%E6%B5%99%E6%B1%9F%E7%9C%81%E8%80%83%E3%80%8A%E8%A1%8C%E6%94%BF%E8%81%8C%E4%B8%9A%E8%83%BD%E5%8A%9B%E6%B5%8B%E9%AA%8C%E3%80%8B%E6%A8%A1%E6%8B%9F%E5%8D%B7110344187.pdf,summary_from_public_mock_pdf,candidate_after_item_audit,展鸿 A 类模拟卷数字推理题。
zhanhong25a-q71,zhanhong-2025-mock-A 类,71,4,reasoning,figure_reasoning,根据图形中交点变化规律选择符合规律的选项。,,question_figure_and_options,answer_key_in_pdf_not_audited,https://zhanhong-32-read-able.oss-cn-hangzhou.aliyuncs.com/upload/videos/2024/11/02/%E5%B1%95%E9%B8%BF2025%E5%B9%B4%E6%B5%99%E6%B1%9F%E7%9C%81%E8%80%83%E3%80%8A%E8%A1%8C%E6%94%BF%E8%81%8C%E4%B8%9A%E8%83%BD%E5%8A%9B%E6%B5%8B%E9%AA%8C%E3%80%8B%E6%A8%A1%E6%8B%9F%E5%8D%B7110344187.pdf,asset_needed,not_until_figure_and_all_options_verified,展鸿 A 类模拟卷；图片和选项需完整提取。
zhanhong25a-q111,zhanhong-2025-mock-A 类,111,5,data_analysis,share_calculation,根据我国独角兽企业估值和数量分布资料计算企业数量增长幅度。,zhanhong25a-unicorn-data-111-115,shared_table_and_chart,answer_key_in_pdf_not_audited,https://zhanhong-32-read-able.oss-cn-hangzhou.aliyuncs.com/upload/videos/2024/11/02/%E5%B1%95%E9%B8%BF2025%E5%B9%B4%E6%B5%99%E6%B1%9F%E7%9C%81%E8%80%83%E3%80%8A%E8%A1%8C%E6%94%BF%E8%81%8C%E4%B8%9A%E8%83%BD%E5%8A%9B%E6%B5%8B%E9%AA%8C%E3%80%8B%E6%A8%A1%E6%8B%9F%E5%8D%B7110344187.pdf,partial_material_located,not_until_table_and_shared_stimulus_verified,展鸿 A 类模拟卷 Q111–115 共用图表；原文与答案解析位于同一 PDF。
js2025c-q1,jiangsu-2025-C-卷,1,1,political_theory,party_theory,判断习近平新时代中国特色社会主义思想历史地位的相关表述。,,none,answer_not_audited,https://iget100.com/gongkao/shengkao/jiangsu/2025/xingce-c,summary_from_public_recall_page,candidate_after_item_audit,江苏 C 类考生回忆题；答案展示在公开题库页面，尚未独立复核。
js2025c-q11,jiangsu-2025-C-卷,11,2,common_knowledge,economic_development,判断新中国成立 75 年来经济发展成就的表述。,,none,answer_not_audited,https://iget100.com/gongkao/shengkao/jiangsu/2025/xingce-c,summary_from_public_recall_page,candidate_after_item_audit,按原卷常识判断模块归类。
js2025c-q21,jiangsu-2025-C-卷,21,3,verbal,main_idea,概括江苏自动驾驶卡车与物流车多场景应用对运输产业的作用。,,shared_passage,answer_not_audited,https://iget100.com/gongkao/shengkao/jiangsu/2025/xingce-c,summary_from_public_recall_page,candidate_after_item_audit,保留单题文段；内容为考生回忆题。
js2025c-q51,jiangsu-2025-C-卷,51,4,quantitative,number_sequence,观察数列项间变化规律补出下一项。,,none,answer_not_audited,https://iget100.com/gongkao/shengkao/jiangsu/2025/xingce-c,summary_from_public_recall_page,candidate_after_item_audit,数量关系部分数字推理题。
js2025c-q94,jiangsu-2025-C-卷,94,5,reasoning,argument_evaluation,判断员工健康服务能否改善身心状态并提升效率时最需要补充核验的问题。,,none,answer_not_audited,https://iget100.com/gongkao/shengkao/jiangsu/2025/xingce-c,summary_from_public_recall_page,candidate_after_item_audit,按判断推理模块定位。
js2025c-q95,jiangsu-2025-C-卷,95,5,reasoning,argument_support,评估海草床碳封存作用能否支持开展海底种草修复的建议。,,none,answer_not_audited,https://iget100.com/gongkao/shengkao/jiangsu/2025/xingce-c,summary_from_public_recall_page,candidate_after_item_audit,科学主题的论证支持题，按原卷判断推理分区归类。
js2025c-q110,jiangsu-2025-C-卷,110,5,reasoning,definition_judgment,依据狭小封闭空间中减少接触、控制动作或音量的定义判断实例。,,none,answer_not_audited,https://iget100.com/gongkao/shengkao/jiangsu/2025/xingce-c,summary_from_public_recall_page,candidate_after_item_audit,判断推理末题；定义和选项须完整保存。
js2025c-q111,jiangsu-2025-C-卷,111,6,data_analysis,value_calculation,根据中国工业增加值和制造业占 GDP 比重估算制造业增加值。,js2025c-industry-data-111-115,shared_text_and_chart,answer_not_audited,https://iget100.com/gongkao/shengkao/jiangsu/2025/xingce-c,partial_material_located,not_until_table_and_shared_stimulus_verified,Q111–115 共用工业发展材料；保留全文、图表和同组题目。
js2025c-q126,jiangsu-2025-C-卷,126,6,data_analysis,trade_total,根据机电产品进出口额及其在货物贸易中的占比估算货物进出口总额。,js2025c-machinery-trade-data-126-130,shared_text_and_chart,answer_not_audited,https://iget100.com/gongkao/shengkao/jiangsu/2025/xingce-c,partial_material_located,not_until_table_and_shared_stimulus_verified,Q126–130 共用进出口材料与图表；整卷仍保留原顺序。
bj2023-q2,bj-2023-全卷-21,2,1,common_knowledge,rural_urban_development,辨析城乡关系、工农互促与城乡融合发展方向。,,none,answer_not_audited,https://upload.xingguanggongkao.com/pdf/2023%E5%B9%B4%E5%8C%97%E4%BA%AC%E5%B8%82%E5%85%AC%E5%8A%A1%E5%91%98%E5%BD%95%E7%94%A8%E8%80%83%E8%AF%95%E3%80%8A%E8%A1%8C%E6%B5%8B%E3%80%8B%E7%9C%9F%E9%A2%98%EF%BC%88%E8%80%83%E7%94%9F%E5%9B%9E%E5%BF%86%E7%89%88%EF%BC%89.pdf?time=1733730281,summary_located,candidate_after_item_audit,根据 2023 年北京考生回忆 PDF 定位并作题意摘要；答案、选项与来源完整性仍需逐题核验，不能据此开放模考。
bj2023-q3,bj-2023-全卷-21,3,1,common_knowledge,income_distribution,区分初次分配、再分配与第三次分配的主体和方式。,,none,answer_not_audited,https://upload.xingguanggongkao.com/pdf/2023%E5%B9%B4%E5%8C%97%E4%BA%AC%E5%B8%82%E5%85%AC%E5%8A%A1%E5%91%98%E5%BD%95%E7%94%A8%E8%80%83%E8%AF%95%E3%80%8A%E8%A1%8C%E6%B5%8B%E3%80%8B%E7%9C%9F%E9%A2%98%EF%BC%88%E8%80%83%E7%94%9F%E5%9B%9E%E5%BF%86%E7%89%88%EF%BC%89.pdf?time=1733730281,summary_located,candidate_after_item_audit,根据 2023 年北京考生回忆 PDF 定位并作题意摘要；答案、选项与来源完整性仍需逐题核验，不能据此开放模考。
bj2023-q4,bj-2023-全卷-21,4,1,common_knowledge,employment_policy,判断就业支持措施是否有助于充分就业和高质量就业。,,none,answer_not_audited,https://upload.xingguanggongkao.com/pdf/2023%E5%B9%B4%E5%8C%97%E4%BA%AC%E5%B8%82%E5%85%AC%E5%8A%A1%E5%91%98%E5%BD%95%E7%94%A8%E8%80%83%E8%AF%95%E3%80%8A%E8%A1%8C%E6%B5%8B%E3%80%8B%E7%9C%9F%E9%A2%98%EF%BC%88%E8%80%83%E7%94%9F%E5%9B%9E%E5%BF%86%E7%89%88%EF%BC%89.pdf?time=1733730281,summary_located,candidate_after_item_audit,根据 2023 年北京考生回忆 PDF 定位并作题意摘要；答案、选项与来源完整性仍需逐题核验，不能据此开放模考。
bj2023-q5,bj-2023-全卷-21,5,1,common_knowledge,philosophical_reasoning,结合细颗粒物治理案例判断量变、规律与意识作用等哲理表述。,,none,answer_not_audited,https://upload.xingguanggongkao.com/pdf/2023%E5%B9%B4%E5%8C%97%E4%BA%AC%E5%B8%82%E5%85%AC%E5%8A%A1%E5%91%98%E5%BD%95%E7%94%A8%E8%80%83%E8%AF%95%E3%80%8A%E8%A1%8C%E6%B5%8B%E3%80%8B%E7%9C%9F%E9%A2%98%EF%BC%88%E8%80%83%E7%94%9F%E5%9B%9E%E5%BF%86%E7%89%88%EF%BC%89.pdf?time=1733730281,summary_located,candidate_after_item_audit,根据 2023 年北京考生回忆 PDF 定位并作题意摘要；答案、选项与来源完整性仍需逐题核验，不能据此开放模考。
bj2023-q6,bj-2023-全卷-21,6,1,common_knowledge,systems_thinking,从格言与治理案例中识别整体观念和系统思维。,,none,answer_not_audited,https://upload.xingguanggongkao.com/pdf/2023%E5%B9%B4%E5%8C%97%E4%BA%AC%E5%B8%82%E5%85%AC%E5%8A%A1%E5%91%98%E5%BD%95%E7%94%A8%E8%80%83%E8%AF%95%E3%80%8A%E8%A1%8C%E6%B5%8B%E3%80%8B%E7%9C%9F%E9%A2%98%EF%BC%88%E8%80%83%E7%94%9F%E5%9B%9E%E5%BF%86%E7%89%88%EF%BC%89.pdf?time=1733730281,summary_located,candidate_after_item_audit,根据 2023 年北京考生回忆 PDF 定位并作题意摘要；答案、选项与来源完整性仍需逐题核验，不能据此开放模考。
bj2023-q7,bj-2023-全卷-21,7,1,common_knowledge,political_consultation,依据政治协商工作条例识别政治协商对象。,,none,answer_not_audited,https://upload.xingguanggongkao.com/pdf/2023%E5%B9%B4%E5%8C%97%E4%BA%AC%E5%B8%82%E5%85%AC%E5%8A%A1%E5%91%98%E5%BD%95%E7%94%A8%E8%80%83%E8%AF%95%E3%80%8A%E8%A1%8C%E6%B5%8B%E3%80%8B%E7%9C%9F%E9%A2%98%EF%BC%88%E8%80%83%E7%94%9F%E5%9B%9E%E5%BF%86%E7%89%88%EF%BC%89.pdf?time=1733730281,summary_located,candidate_after_item_audit,根据 2023 年北京考生回忆 PDF 定位并作题意摘要；答案、选项与来源完整性仍需逐题核验，不能据此开放模考。
bj2023-q8,bj-2023-全卷-21,8,1,common_knowledge,science_and_development,结合耐盐碱水稻培育判断科技应用与客观条件的关系。,,none,answer_not_audited,https://upload.xingguanggongkao.com/pdf/2023%E5%B9%B4%E5%8C%97%E4%BA%AC%E5%B8%82%E5%85%AC%E5%8A%A1%E5%91%98%E5%BD%95%E7%94%A8%E8%80%83%E8%AF%95%E3%80%8A%E8%A1%8C%E6%B5%8B%E3%80%8B%E7%9C%9F%E9%A2%98%EF%BC%88%E8%80%83%E7%94%9F%E5%9B%9E%E5%BF%86%E7%89%88%EF%BC%89.pdf?time=1733730281,summary_located,candidate_after_item_audit,根据 2023 年北京考生回忆 PDF 定位并作题意摘要；答案、选项与来源完整性仍需逐题核验，不能据此开放模考。
bj2023-q9,bj-2023-全卷-21,9,1,common_knowledge,constitutional_oath,判断哪些职务依法需要在就职时公开进行宪法宣誓。,,none,answer_not_audited,https://upload.xingguanggongkao.com/pdf/2023%E5%B9%B4%E5%8C%97%E4%BA%AC%E5%B8%82%E5%85%AC%E5%8A%A1%E5%91%98%E5%BD%95%E7%94%A8%E8%80%83%E8%AF%95%E3%80%8A%E8%A1%8C%E6%B5%8B%E3%80%8B%E7%9C%9F%E9%A2%98%EF%BC%88%E8%80%83%E7%94%9F%E5%9B%9E%E5%BF%86%E7%89%88%EF%BC%89.pdf?time=1733730281,summary_located,candidate_after_item_audit,根据 2023 年北京考生回忆 PDF 定位并作题意摘要；答案、选项与来源完整性仍需逐题核验，不能据此开放模考。
bj2023-q10,bj-2023-全卷-21,10,1,common_knowledge,business_environment,识别制度性交易成本的构成及其边界。,,none,answer_not_audited,https://upload.xingguanggongkao.com/pdf/2023%E5%B9%B4%E5%8C%97%E4%BA%AC%E5%B8%82%E5%85%AC%E5%8A%A1%E5%91%98%E5%BD%95%E7%94%A8%E8%80%83%E8%AF%95%E3%80%8A%E8%A1%8C%E6%B5%8B%E3%80%8B%E7%9C%9F%E9%A2%98%EF%BC%88%E8%80%83%E7%94%9F%E5%9B%9E%E5%BF%86%E7%89%88%EF%BC%89.pdf?time=1733730281,summary_located,candidate_after_item_audit,根据 2023 年北京考生回忆 PDF 定位并作题意摘要；答案、选项与来源完整性仍需逐题核验，不能据此开放模考。
bj2023-q11,bj-2023-全卷-21,11,1,common_knowledge,productivity_and_prices,分析计算机性能提高而价格下降的经济原因。,,none,answer_not_audited,https://upload.xingguanggongkao.com/pdf/2023%E5%B9%B4%E5%8C%97%E4%BA%AC%E5%B8%82%E5%85%AC%E5%8A%A1%E5%91%98%E5%BD%95%E7%94%A8%E8%80%83%E8%AF%95%E3%80%8A%E8%A1%8C%E6%B5%8B%E3%80%8B%E7%9C%9F%E9%A2%98%EF%BC%88%E8%80%83%E7%94%9F%E5%9B%9E%E5%BF%86%E7%89%88%EF%BC%89.pdf?time=1733730281,summary_located,candidate_after_item_audit,根据 2023 年北京考生回忆 PDF 定位并作题意摘要；答案、选项与来源完整性仍需逐题核验，不能据此开放模考。
bj2023-q12,bj-2023-全卷-21,12,1,common_knowledge,civil_law_property_transfer,辨析生前房产转让与遗嘱处分的法律效果。,,none,answer_not_audited,https://upload.xingguanggongkao.com/pdf/2023%E5%B9%B4%E5%8C%97%E4%BA%AC%E5%B8%82%E5%85%AC%E5%8A%A1%E5%91%98%E5%BD%95%E7%94%A8%E8%80%83%E8%AF%95%E3%80%8A%E8%A1%8C%E6%B5%8B%E3%80%8B%E7%9C%9F%E9%A2%98%EF%BC%88%E8%80%83%E7%94%9F%E5%9B%9E%E5%BF%86%E7%89%88%EF%BC%89.pdf?time=1733730281,summary_located,candidate_after_item_audit,根据 2023 年北京考生回忆 PDF 定位并作题意摘要；答案、选项与来源完整性仍需逐题核验，不能据此开放模考。
bj2023-q13,bj-2023-全卷-21,13,1,common_knowledge,botany_seed_dispersal,判断柳絮与杨柳繁殖、种子传播相关的生物学表述。,,none,answer_not_audited,https://upload.xingguanggongkao.com/pdf/2023%E5%B9%B4%E5%8C%97%E4%BA%AC%E5%B8%82%E5%85%AC%E5%8A%A1%E5%91%98%E5%BD%95%E7%94%A8%E8%80%83%E8%AF%95%E3%80%8A%E8%A1%8C%E6%B5%8B%E3%80%8B%E7%9C%9F%E9%A2%98%EF%BC%88%E8%80%83%E7%94%9F%E5%9B%9E%E5%BF%86%E7%89%88%EF%BC%89.pdf?time=1733730281,summary_located,candidate_after_item_audit,根据 2023 年北京考生回忆 PDF 定位并作题意摘要；答案、选项与来源完整性仍需逐题核验，不能据此开放模考。
bj2023-q14,bj-2023-全卷-21,14,1,common_knowledge,daily_science_facts,核对诗词语境中的物理、化学常识表述。,,none,answer_not_audited,https://upload.xingguanggongkao.com/pdf/2023%E5%B9%B4%E5%8C%97%E4%BA%AC%E5%B8%82%E5%85%AC%E5%8A%A1%E5%91%98%E5%BD%95%E7%94%A8%E8%80%83%E8%AF%95%E3%80%8A%E8%A1%8C%E6%B5%8B%E3%80%8B%E7%9C%9F%E9%A2%98%EF%BC%88%E8%80%83%E7%94%9F%E5%9B%9E%E5%BF%86%E7%89%88%EF%BC%89.pdf?time=1733730281,summary_located,candidate_after_item_audit,根据 2023 年北京考生回忆 PDF 定位并作题意摘要；答案、选项与来源完整性仍需逐题核验，不能据此开放模考。
bj2023-q16,bj-2023-全卷-21,16,1,common_knowledge,railway_technology,辨认我国高速铁路中应用的轨道技术。,,none,answer_cross_checked_official_source,https://upload.xingguanggongkao.com/pdf/2023%E5%B9%B4%E5%8C%97%E4%BA%AC%E5%B8%82%E5%85%AC%E5%8A%A1%E5%91%98%E5%BD%95%E7%94%A8%E8%80%83%E8%AF%95%E3%80%8A%E8%A1%8C%E6%B5%8B%E3%80%8B%E7%9C%9F%E9%A2%98%EF%BC%88%E8%80%83%E7%94%9F%E5%9B%9E%E5%BF%86%E7%89%88%EF%BC%89.pdf?time=1733730281,summary_located,candidate_after_item_audit,国家铁路局公开资料可复核该题答案为“无缝钢轨”；题干来源仍为考生回忆版，正式导入前需保留来源标签并核版本。
bj2026-outline-common-q1,bj-2026-outline-common-example,example-1,2,common_knowledge,economics_market_supply,根据生活必需品供应紧张与价格过快上涨情景，选择能缓解供需问题的措施组合。,,none,official_outline_answer,https://www.beijing.gov.cn/gongkai/rsxx/gwyzk/202511/P020251110416492086501.pdf,summary_from_official_outline,not_until_full_question_recorded,北京市官方大纲常识判断例题，官方给出答案；索引仅保留摘要，导入时仍须连同原题选项与解析及官方例题标签。
