knowledge_point_id,subject,topic_id,topic_title,knowledge_point_title,explanation_status,practice_question_ids,practice_question_count,practice_source_ids
physics:displacement-distance,物理,physics:kinematics,运动学,位移与路程,outline,science-physics-002,1,
physics:speed,物理,physics:kinematics,运动学,速度,published,science-physics-001|sh-2019-b-exposure-time,2,sh-2019-b-recall
physics:average-speed,物理,physics:kinematics,运动学,平均速度,published,science-physics-003,1,
physics:acceleration,物理,physics:kinematics,运动学,加速度,published,science-physics-005|science-physics-008,2,
physics:uniform-motion,物理,physics:kinematics,运动学,匀速直线运动,published,science-physics-007|beijing-2026-outline-dragonfly,2,beijing-2026-outline
physics:relative-motion,物理,physics:kinematics,运动学,相对运动,published,science-physics-004|mock-zhonggong-2027-rocks-relative-motion|mock-zhonggong-2027-equal-speed-stones,3,gd-2027-zhonggong-mock
physics:motion-graphs,物理,physics:kinematics,运动学,运动图像,outline,science-physics-006,1,
physics:inertia,物理,physics:mechanics,力学,惯性,published,science-physics-009|mock-train-cup-inertia,2,gd-2027-zhonggong-mock
physics:newton-laws,物理,physics:mechanics,力学,牛顿运动定律,outline,science-physics-010,1,
physics:gravity,物理,physics:mechanics,力学,重力,published,sh-2025-b-space-elevator|sh-2022-b-microgravity-filtering|sh-2022-b-ship-buoyancy,3,sh-2025-b-recall|sh-2022-b-recall
physics:elastic-force,物理,physics:mechanics,力学,弹力,published,sh-2025-b-railway-resonance|sh-2022-b-washer-resonance,2,sh-2025-b-recall|sh-2022-b-recall
physics:friction,物理,physics:mechanics,力学,摩擦力,published,science-physics-011|sh-2020-outline-bicycle-friction|gd-2023-township-karting-friction|gd-2026-outline-slope-forces|mock-sh-2022-v5-static-friction,5,sh-2020-admin-outline|gd-2023-township-recall|gd-2026-official-outline|sh-2022-sohu-mock-v5
physics:force-analysis,物理,physics:mechanics,力学,受力分析,published,science-physics-014|gd-2021-outline-ladder-climber,2,gd-2021-official-outline
physics:force-equilibrium,物理,physics:mechanics,力学,力的平衡,published,science-physics-012|gd-2021-outline-ladder-climber,2,gd-2021-official-outline
physics:motion-state,物理,physics:mechanics,力学,运动状态变化,outline,science-physics-013,1,
physics:centripetal-force,物理,physics:mechanics,力学,向心力与圆周运动,published,sh-2020-b-binary-star-force|gd-2021-county-curving-car,2,sh-2020-b-recall|gd-2021-county-recall
physics:solid-pressure,物理,physics:pressure,压强与浮力,固体压强,published,science-physics-015|sh-2021-b-pressure-estimate|sh-2025-b-mountain-height|mock-zhanhong-blind-path-pressure|gd-2022-recall-excavator-tracks,5,sh-2021-b-recall|sh-2025-b-recall|zhanhong-zhejiang-mock|gd-2022-township-recall
physics:liquid-pressure,物理,physics:pressure,压强与浮力,液体压强,published,science-physics-016,1,
physics:atmospheric-pressure,物理,physics:pressure,压强与浮力,大气压强,published,science-physics-017|gd-2019-township-ear-pressure|mock-sh-2022-v5-galileo-thermometer,3,gd-2019-township-recall|sh-2022-sohu-mock-v5
physics:fluid-flow,物理,physics:pressure,压强与浮力,气流与流体压强,published,sh-2026-bladeless-fan-airflow,1,sh-2026-science-literacy-recall
physics:density,物理,physics:pressure,压强与浮力,密度,published,gd-2020-township-seawater-density|sh-2025-b-mountain-height,2,gd-2020-township-recall|sh-2025-b-recall
physics:buoyancy,物理,physics:pressure,压强与浮力,浮力与阿基米德原理,published,science-physics-018|sh-2019-b-semi-submersible-loading|gd-2022-recall-floating-density|sh-2022-b-ship-buoyancy,4,sh-2019-b-recall|gd-2022-township-recall|sh-2022-b-recall
physics:archimedes-principle,物理,physics:pressure,压强与浮力,阿基米德原理,outline,,0,
physics:floating-sinking,物理,physics:pressure,压强与浮力,漂浮、悬浮与沉浮条件,published,science-physics-019|mock-huatu-buoyancy-load|gd-2022-recall-floating-density|sh-2022-b-ship-buoyancy,4,huatu-2022-science-examples|gd-2022-township-recall|sh-2022-b-recall
physics:buoyancy-conditions,物理,physics:pressure,压强与浮力,沉浮条件,outline,science-physics-020,1,
physics:communicating-vessels,物理,physics:pressure,压强与浮力,连通器,outline,,0,
physics:levers,物理,physics:simple-machines,简单机械,杠杆,published,science-physics-021|gd-2019-township-hammer-lever|gd-2021-outline-ladder-climber,3,gd-2019-township-recall|gd-2021-official-outline
physics:lever-arm,物理,physics:simple-machines,简单机械,力臂,outline,,0,
physics:pulleys,物理,physics:simple-machines,简单机械,滑轮,outline,science-physics-025,1,
physics:inclined-plane,物理,physics:simple-machines,简单机械,斜面,outline,,0,
physics:work,物理,physics:simple-machines,简单机械,功,published,science-physics-022|gd-2026-outline-slope-forces,2,gd-2026-official-outline
physics:power,物理,physics:simple-machines,简单机械,功率,outline,science-physics-023,1,
physics:mechanical-efficiency,物理,physics:simple-machines,简单机械,机械效率,outline,science-physics-024,1,
physics:mechanical-energy,物理,physics:simple-machines,简单机械,机械能,published,science-physics-026|gd-2019-township-wind-energy|sh-2019-b-slide-kinetic-energy|mock-rollercoaster-energy|gd-2026-outline-slope-forces|mock-zhanhong-water-mechanical-energy|gd-2022-recall-pendulum-energy|sh-2018-b-jump-landing-force,8,gd-2019-township-recall|sh-2019-b-recall|gd-2027-zhonggong-mock|gd-2026-official-outline|zhanhong-zhejiang-mock|gd-2022-township-recall|sh-2018-b-recall
physics:electric-current,物理,physics:electricity,电学,电流,outline,science-physics-027,1,
physics:voltage,物理,physics:electricity,电学,电压,outline,,0,
physics:resistance,物理,physics:electricity,电学,电阻,outline,science-physics-029,1,
physics:electrostatics,物理,physics:electricity,电学,静电与电荷相互作用,published,gd-2020-township-electric-charge|sh-2026-capacitive-touchscreen,2,gd-2020-township-recall|sh-2026-science-literacy-recall
physics:ohms-law,物理,physics:electricity,电学,欧姆定律,published,science-physics-028,1,
physics:series-circuits,物理,physics:electricity,电学,串联电路,published,science-physics-031,1,
physics:parallel-circuits,物理,physics:electricity,电学,并联电路,published,science-physics-030|gd-2023-township-household-electricity,2,gd-2023-township-recall
physics:dynamic-circuits,物理,physics:electricity,电学,动态电路,published,,0,
physics:electric-work,物理,physics:electricity,电学,电功,published,science-physics-033|sh-2025-b-charging-work|sh-2022-b-powerbank-capacity,3,sh-2025-b-recall|sh-2022-b-recall
physics:electric-power,物理,physics:electricity,电学,电功率,published,science-physics-032|zj-2024-c-high-power-appliances,2,zj-2024-c-recall
physics:circuit-faults,物理,physics:electricity,电学,电路故障,outline,gd-2023-township-household-electricity,1,gd-2023-township-recall
physics:straight-line-propagation,物理,physics:optics,光学,光的直线传播,outline,,0,
physics:reflection,物理,physics:optics,光学,光的反射,published,science-physics-034,1,
physics:refraction,物理,physics:optics,光学,光的折射,published,science-physics-035,1,
physics:plane-mirror,物理,physics:optics,光学,平面镜,outline,,0,
physics:lenses,物理,physics:optics,光学,透镜,outline,,0,
physics:lens-imaging,物理,physics:optics,光学,透镜成像规律,published,science-physics-036|sh-2018-b-camera-lens|mock-sh-2022-v5-camera-distance,3,sh-2018-b-recall|sh-2022-sohu-mock-v5
physics:optical-phenomena,物理,physics:optics,光学,常见光学现象,published,sh-2019-b-single-photon-interference|sh-2025-b-absorption-spectrum|mock-zhonggong-2027-red-object-color|gd-2023-township-green-glass,4,sh-2019-b-recall|sh-2025-b-recall|mock-zhonggong-2027-light|gd-2023-township-recall
physics:phase-change,物理,physics:thermal,热学,物态变化,published,science-physics-039|sh-2019-b-water-bath-boiling,2,sh-2019-b-recall
physics:heat,物理,physics:thermal,热学,热量,outline,,0,
physics:internal-energy,物理,physics:thermal,热学,内能,outline,,0,
physics:specific-heat,物理,physics:thermal,热学,比热容,published,science-physics-037|mock-zhanhong-seashore-specific-heat,2,zhanhong-zhejiang-mock
physics:heat-transfer,物理,physics:thermal,热学,热传递,published,science-physics-038|gd-2021-township-cooling-rate|sh-2019-b-water-bath-boiling,3,gd-2021-township-recall|sh-2019-b-recall
physics:thermal-radiation,物理,physics:thermal,热学,热辐射与红外成像,published,sh-2026-infrared-thermal-imaging,1,sh-2026-science-literacy-recall
physics:thermal-expansion,物理,physics:thermal,热学,热胀冷缩,published,gd-2022-recall-thermal-expansion,1,gd-2022-township-recall
physics:wetting-adhesion,物理,physics:surface-phenomena,液体表面现象,内聚力、附着力与润湿,published,sh-2014-a-wetting-adhesion,1,sh-2014-a-recall
physics:sound-production,物理,physics:sound-electromagnetism,声学与电磁学,声音的产生,outline,,0,
physics:sound-propagation,物理,physics:sound-electromagnetism,声学与电磁学,声音的传播,published,science-physics-040|sh-2020-b-ultrasound-vacuum,2,sh-2020-b-recall
physics:pitch-loudness,物理,physics:sound-electromagnetism,声学与电磁学,音调和响度,published,science-physics-041|sh-2026-bowl-water-resonance,2,sh-2026-science-literacy-recall
physics:magnetic-field,物理,physics:sound-electromagnetism,声学与电磁学,磁场,published,sh-2026-outline-hall-effect|sh-2018-b-earth-magnetic-force,2,sh-2026-official-outline|sh-2018-b-recall
physics:electromagnetic-induction,物理,physics:sound-electromagnetism,声学与电磁学,电磁感应,published,science-physics-042|zj-2024-c-high-power-appliances,2,zj-2024-c-recall
physics:electromagnetic-waves,物理,physics:sound-electromagnetism,声学与电磁学,电磁波的频率与波长,published,gd-2023-township-5g-wavelength,1,gd-2023-township-recall
physics:motors-generators,物理,physics:sound-electromagnetism,声学与电磁学,发电机和电动机,published,sh-2026-vr-force-feedback,1,sh-2026-science-literacy-recall
physics:quantum-tunneling,物理,physics:modern-physics,近代物理与量子现象,量子隧穿,published,sh-2025-b-quantum-tunneling,1,sh-2025-b-recall
chemistry:physical-chemical-change,化学,chemistry:changes-reactions,物质变化与反应,物理变化与化学变化,published,science-chemistry-001|science-chemistry-002|gd-2021-township-steelmaking|gd-2023-township-graphite-diamond,4,gd-2021-township-recall|gd-2023-township-recall
chemistry:common-reactions,化学,chemistry:changes-reactions,物质变化与反应,常见化学反应,published,science-chemistry-003|science-chemistry-006|science-chemistry-033|sh-2026-click-chemistry|gd-2023-township-formic-acid-hydrogen,5,sh-2026-science-literacy-recall|gd-2023-township-recall
chemistry:redox-basics,化学,chemistry:changes-reactions,物质变化与反应,氧化还原基础,published,science-chemistry-005|science-chemistry-025,2,
chemistry:combustion,化学,chemistry:changes-reactions,物质变化与反应,燃烧,published,science-chemistry-004|science-chemistry-024|science-chemistry-034|gd-2024-soot-ink|gd-2021-county-foam-extinguisher,5,gd-2024-recall|gd-2021-county-recall
chemistry:acids-bases-salts,化学,chemistry:solutions-acids-bases,溶液、酸碱与盐,酸、碱和盐,published,science-chemistry-007|science-chemistry-030|gd-2025-recall-ph-neutralization,3,gd-2025-recall
chemistry:ph,化学,chemistry:solutions-acids-bases,溶液、酸碱与盐,pH,published,science-chemistry-008|science-chemistry-013|gd-2020-township-acid-indicator|gd-2025-recall-ph-neutralization,4,gd-2020-township-recall|gd-2025-recall
chemistry:neutralization,化学,chemistry:solutions-acids-bases,溶液、酸碱与盐,中和反应,published,science-chemistry-009|science-chemistry-031|gd-2025-recall-ph-neutralization,3,gd-2025-recall
chemistry:solutions,化学,chemistry:solutions-acids-bases,溶液、酸碱与盐,溶液,published,science-chemistry-010|science-chemistry-012|gd-2020-township-saline-concentration|gd-2023-township-sucrose-crystallization,4,gd-2020-township-recall|gd-2023-township-recall
chemistry:solubility,化学,chemistry:solutions-acids-bases,溶液、酸碱与盐,溶解度,published,science-chemistry-011|science-chemistry-035|gd-2023-township-sucrose-crystallization,3,gd-2023-township-recall
chemistry:common-gases,化学,chemistry:materials-experiments,物质性质与实验,常见气体,published,science-chemistry-017|science-chemistry-018|science-chemistry-019|gd-2020-township-gas-properties|mock-zhanhong-gas-identification,5,gd-2020-township-recall|zhanhong-zhejiang-mock
chemistry:boiling-point,化学,chemistry:materials-experiments,物质性质与实验,沸点与分子间作用力,published,sh-2020-b-peroxide-concentration|sh-2025-b-boiling-points,2,sh-2020-b-recall|sh-2025-b-recall
chemistry:metal-activity,化学,chemistry:materials-experiments,物质性质与实验,金属活动性,published,science-chemistry-020|science-chemistry-023|sh-2020-b-metal-smelting-order,3,sh-2020-b-recall
chemistry:metal-corrosion,化学,chemistry:materials-experiments,物质性质与实验,金属腐蚀,published,science-chemistry-021|science-chemistry-022,2,
chemistry:experiments,化学,chemistry:materials-experiments,物质性质与实验,化学实验,published,science-chemistry-014|science-chemistry-015|science-chemistry-016|science-chemistry-032,4,
chemistry:electrochemical-cells,化学,chemistry:materials-experiments,物质性质与实验,电化学与电池,published,sh-2026-fast-charging-battery,1,sh-2026-science-literacy-recall
chemistry:polymer-materials,化学,chemistry:materials-experiments,物质性质与实验,高分子材料,published,sh-2026-mask-layers,1,sh-2026-science-literacy-recall
chemistry:substance-identification,化学,chemistry:materials-experiments,物质性质与实验,物质鉴别,outline,science-chemistry-036,1,
chemistry:water-purification,化学,chemistry:environment-life,生活与环境化学,水的净化,published,science-chemistry-026|science-chemistry-027|sh-2025-b-membrane-filtration|gd-2022-recall-water-purification,4,sh-2025-b-recall|gd-2022-township-recall
chemistry:everyday-chemistry,化学,chemistry:environment-life,生活与环境化学,生活化学,published,science-chemistry-028|science-chemistry-037|gd-2020-township-everyday-materials,3,gd-2020-township-recall
chemistry:environmental-chemistry,化学,chemistry:environment-life,生活与环境化学,环境化学,outline,science-chemistry-029,1,
biology:cells,生物,biology:cells-metabolism,细胞与生命活动,细胞,published,science-biology-001|science-biology-002|science-biology-003|science-biology-004,4,
biology:stem-cell-regeneration,生物,biology:cells-metabolism,细胞与生命活动,干细胞与组织再生,published,zj-2026-c-hair-follicle-stem-cells,1,zj-2026-c-recall
biology:photosynthesis,生物,biology:cells-metabolism,细胞与生命活动,光合作用,published,science-biology-005|science-biology-006|science-biology-007|gd-2023-township-fertilizer-use|gd-2023-township-greenhouse-yield,5,gd-2023-township-recall
biology:respiration,生物,biology:cells-metabolism,细胞与生命活动,呼吸作用,published,science-biology-008|science-biology-009|gd-2023-township-grain-storage|gd-2023-township-greenhouse-yield,4,gd-2023-township-recall
biology:transpiration,生物,biology:cells-metabolism,细胞与生命活动,蒸腾作用,published,science-biology-010|science-biology-011,2,
biology:plant-growth,生物,biology:cells-metabolism,细胞与生命活动,植物生长,published,science-biology-012|gd-2020-township-seed-storage|gd-2025-outline-grain-storage|gd-2023-township-fertilizer-use,4,gd-2020-township-recall|gd-2025-official-outline|gd-2023-township-recall
biology:digestion,生物,biology:human-body,人体生命活动,人体消化,published,science-biology-013|science-biology-014|science-biology-015|science-biology-016,4,
biology:musculoskeletal-system,生物,biology:human-body,人体生命活动,骨骼、关节与运动,published,zj-2024-c-knuckle-evidence,1,zj-2024-c-recall
biology:hormonal-regulation,生物,biology:human-body,人体生命活动,激素调节与血糖,published,gd-2024-insulin-glucose,1,gd-2024-recall
biology:respiratory-circulatory-systems,生物,biology:human-body,人体生命活动,呼吸与血液循环,published,science-biology-017|science-biology-018|science-biology-019|science-biology-020|zj-2024-c-breath-biometrics,5,zj-2024-c-recall
biology:nervous-regulation,生物,biology:human-body,人体生命活动,神经调节,published,science-biology-021|science-biology-022|science-biology-023|science-biology-024|sh-2026-bci-decoding|gd-2023-township-reflex,6,sh-2026-science-literacy-recall|gd-2023-township-recall
biology:immunity,生物,biology:human-body,人体生命活动,免疫,published,science-biology-025|science-biology-026|sh-2020-b-food-allergy-protein,3,sh-2020-b-recall
biology:reproduction-inheritance,生物,biology:inheritance-microbes,遗传与微生物,生殖与遗传,published,science-biology-027|science-biology-028|science-biology-029|zj-2026-c-corn-rows|gd-2023-township-asexual-reproduction,5,zj-2026-c-recall|gd-2023-township-recall
biology:microorganisms,生物,biology:inheritance-microbes,遗传与微生物,微生物,published,science-biology-030|science-biology-031|gd-2025-recall-bacteria|zj-2024-c-cholera-transmission|zj-2025-mock-mars-microbes|gd-2023-township-grain-storage|gd-2023-township-reflex,7,gd-2025-recall|zj-2024-c-recall|zj-2025-32xueyuan-mock|gd-2023-township-recall
biology:ecosystems,生物,biology:ecology,生态系统,生态系统,outline,science-biology-036,1,
biology:food-chains,生物,biology:ecology,生态系统,食物链,published,science-biology-032,1,
biology:energy-flow,生物,biology:ecology,生态系统,能量流动,published,science-biology-033|science-biology-034,2,
biology:organisms-environment,生物,biology:ecology,生态系统,生物与环境,published,science-biology-035|zj-2024-c-animal-aging|zj-2025-c-stork-migration,3,zj-2024-c-recall|zj-2025-c-recall
geography:rotation,地理,geography:earth-sun-moon,地球、太阳与月球,地球自转,published,science-geography-001|science-geography-002|science-geography-003|science-geography-010|gd-2023-township-polar-star,5,gd-2023-township-recall
geography:revolution,地理,geography:earth-sun-moon,地球、太阳与月球,地球公转,published,science-geography-004,1,
geography:day-night,地理,geography:earth-sun-moon,地球、太阳与月球,昼夜交替,outline,,0,
geography:day-length,地理,geography:earth-sun-moon,地球、太阳与月球,昼夜长短,published,science-geography-006|science-geography-007,2,
geography:seasons,地理,geography:earth-sun-moon,地球、太阳与月球,四季变化,outline,science-geography-005,1,
geography:solar-altitude,地理,geography:earth-sun-moon,地球、太阳与月球,太阳高度角,published,science-geography-008|science-geography-009|gd-2023-township-sunlit-city,3,gd-2023-township-recall
geography:eclipses,地理,geography:earth-sun-moon,地球、太阳与月球,日食与月食,outline,,0,
geography:atmospheric-motion,地理,geography:atmosphere-weather,大气与天气,大气运动,published,science-geography-015|gd-2025-recall-sea-land-breeze,2,gd-2025-recall
geography:air-pressure,地理,geography:atmosphere-weather,大气与天气,气压,outline,science-geography-011,1,
geography:wind,地理,geography:atmosphere-weather,大气与天气,风,published,science-geography-012|science-geography-013|science-geography-014|gd-2025-recall-sea-land-breeze,4,gd-2025-recall
geography:fronts-precipitation,地理,geography:atmosphere-weather,大气与天气,锋面和降水,published,science-geography-016|science-geography-017|science-geography-019|gd-2026-recall-front-rain,4,gd-2026-science-reasoning-recall
geography:weather-systems,地理,geography:atmosphere-weather,大气与天气,天气系统,published,science-geography-018|science-geography-020,2,
geography:contour-lines,地理,geography:land-water,地形与水文,等高线,published,science-geography-023|science-geography-024,2,
geography:terrain-reading,地理,geography:land-water,地形与水文,地形判断,published,science-geography-025|science-geography-026|science-geography-028|science-geography-038,4,
geography:snowline,地理,geography:land-water,地形与水文,雪线与影响因素,published,gd-2020-township-snowline,1,gd-2020-township-recall
geography:map-directions,地理,geography:land-water,地形与水文,方位与反向方位,published,gd-2020-township-reverse-bearing,1,gd-2020-township-recall
geography:water-cycle,地理,geography:land-water,地形与水文,水循环,published,science-geography-021|science-geography-022|science-geography-027,3,
geography:tides,地理,geography:land-water,地形与水文,潮汐,published,science-geography-029|science-geography-032,2,
geography:ocean-currents,地理,geography:land-water,地形与水文,洋流,published,science-geography-030|science-geography-031,2,
geography:plate-tectonics,地理,geography:geological-processes,地质过程,板块构造,published,gd-2021-county-plate-boundary,1,gd-2021-county-recall
geography:earthquakes,地理,geography:geological-processes,地质过程,地震,published,science-geography-033|science-geography-034,2,
geography:volcanoes,地理,geography:geological-processes,地质过程,火山,published,science-geography-035|science-geography-036|science-geography-037,3,
