source_id,source_type,organization,title_or_scope,url,access_status,verified_scope
bj-official-2026-announcement,official_announcement,北京市人民政府,2026 年度招考公告：确认行测考试为 2025-12-07 上午；公告未提供真题题面,https://www.beijing.gov.cn/gongkai/rsxx/gwyzk/202511/t20251110_4267508.html,public,exam_schedule_only
bj-official-2025-reference,official_announcement,北京市人民政府,2025 年度京考参考提示：核对 2024-12-08 考试日期,https://www.beijing.gov.cn/fuwu/bmfw/sy/jrts/202411/t20241120_3946064.html,public,exam_schedule_only
bj-official-2026-outline,official_outline,北京市公务员局 / 北京市人民政府,2026 年公共科目笔试大纲及官方例题,https://www.beijing.gov.cn/gongkai/rsxx/gwyzk/202511/P020251110416492086501.pdf,public,outline_example_not_exam_paper
nc513-exam-index,third_party_exam_catalog,NC513,多地区行测全卷及模考目录；页面标称 232 条，其中 30 条为国考模考；含跨省联考重复项,https://nc513.com/exam,public_catalog,titles_question_counts_and_paper_links
nc513-beijing-2023,third_party_exam_recall,NC513,2023 北京回忆版行测，目录显示 135 题,https://nc513.com/exam/23,public_exam_page,title_count_first_item_opened
aipta-beijing-index,third_party_exam_catalog,Aipta,北京 2018–2023 等历年行测题面与答案解析索引,https://www.aipta.com/stl2/bjgwy/xc/,public_partial,sample_text_and_year_catalog
aipta-beijing-2023,third_party_exam_recall,Aipta,2023 北京行测回忆题页；页面注明 128–135 题缺失,https://www.aipta.com/article/5377.html,public_partial,questions_up_to_127_with_gaps
xingguang-beijing-2023-pdf,third_party_exam_recall,星光公考,2023 北京行测考生回忆 PDF；存在题号占位/未收集题,https://upload.xingguanggongkao.com/pdf/2023%E5%B9%B4%E5%8C%97%E4%BA%AC%E5%B8%82%E5%85%AC%E5%8A%A1%E5%91%98%E5%BD%95%E7%94%A8%E8%80%83%E8%AF%95%E3%80%8A%E8%A1%8C%E6%B5%8B%E3%80%8B%E7%9C%9F%E9%A2%98%EF%BC%88%E8%80%83%E7%94%9F%E5%9B%9E%E5%BF%86%E7%89%88%EF%BC%89.pdf?time=1733730281,public_partial,section_ranges_and_partial_question_text
jike-beijing-index,third_party_exam_catalog,即刻题库,北京目录含 2026（2025-12-07）、2025（2024-12-08）等回忆卷条目；部分题目需客户端,https://www.jike.vip/shuati/category/100984/100990.html,public_catalog_gated_items,titles_dates_and_sample_question_access
huatu-beijing-2025-analysis,third_party_exam_analysis,华图教育,2025 京考题量与模块变化分析；非完整试卷,https://m.bj.huatu.com/2024/1208/1244828.html,public_article,reported_module_question_counts
fenbi-zhejiang-api,third_party_exam_catalog,粉笔题库,浙江 2026–2007 多年份 A/B/C 类试卷目录与题目页面,https://gwy.gkzhenti.cn/api/json?cls=%E8%A1%8C%E6%B5%8B&province=%E6%B5%99%E6%B1%9F,public_json_index,paper_titles_direct_paper_ids
xingguang-zhejiang-2026,third_party_exam_recall,星光公考,浙江 2026 A/B/C 类回忆 PDF,https://upload.xingguanggongkao.com/pdf/2026%E5%B9%B4%E6%B5%99%E6%B1%9F%E7%9C%81%E5%85%AC%E5%8A%A1%E5%91%98%E5%BD%95%E7%94%A8%E8%80%83%E8%AF%95%E3%80%8A%E8%A1%8C%E6%B5%8B%E3%80%8B%E7%9C%9F%E9%A2%98%EF%BC%88A%E5%8D%B7-%E8%80%83%E7%94%9F%E5%9B%9E%E5%BF%86%E7%89%88%EF%BC%89.pdf?time=1773041235,public_pdf,paper_title_and_recalled_question_text
xingguang-zhejiang-2025,third_party_exam_recall,星光公考,浙江 2025 A/B/C 类回忆 PDF 目录与估分页,https://www.xingguanggongkao.com/XingQuestion/paperList/subject_id/2/area_id/332/year/2025.html,public_catalog,three_paper_titles_and_question_counts
gkzhenti-guangdong-2026,third_party_exam_recall,粉笔题库 / 公考真题库,2026 广东行测回忆题目入口，科学推理等条目已有单题线索,https://gwy.gkzhenti.cn/paper/1767342832062,public_question_page,question_level_not_full_paper_audit
eoffcn-guangdong-2026,third_party_exam_analysis,中公网校,2026 广东省考题量分析；记载总题量 90,https://www.eoffcn.com/kszx/detail/1918992.html,public_article,exam_date_and_reported_total
zhanhong-zhejiang-2025-mocks,third_party_mock_pack,展鸿 / 32 学苑,2025 浙江 A/B/C 三套行测模拟卷和解析；两链接为同一 PDF 的镜像副本,https://zhanhong-32-read-able.oss-cn-hangzhou.aliyuncs.com/upload/videos/2024/11/02/%E5%B1%95%E9%B8%BF2025%E5%B9%B4%E6%B5%99%E6%B1%9F%E7%9C%81%E8%80%83%E3%80%8A%E8%A1%8C%E6%94%BF%E8%81%8C%E4%B8%9A%E8%83%BD%E5%8A%9B%E6%B5%8B%E9%AA%8C%E3%80%8B%E6%A8%A1%E6%8B%9F%E5%8D%B7110344187.pdf,public_pdf,three_full_simulation_papers_and_answers
huatu-2025-mock,third_party_mock_events,华图教育,2025 省考行测万人模考两场（2 月 8 日、15 日），完整版依赖华图在线 APP/活动资料,https://www.huatu.com/z/2025ghttts/,public_schedule_app_content,dates_and_access_route
nc513-2026-guokao-mock,third_party_mock_series,NC513,2026 国考模考大赛系列，目录标称 30 套；公开列表显示地市/副省/行政执法不同卷型,https://nc513.com/exam,public_catalog,series_and_variant_counts
jiangsu-2025-mock-directory,third_party_mock_directory,轻松考公资料目录,江苏省考全真模拟卷一至六及行测题本/答案文件目录；实际文件需逐份核验来源和可访问性,https://gongkao.rh86.com/11192.html,catalog_only,six_set_directory_listing
zhanhong-zhejiang-2024-mock,third_party_mock,展鸿教育,浙江省考行测模拟卷（旧版，题目线索见当前科学来源表）,https://static.32xueyuan.com/zq/u/cms/zj/202406/19110417oqg8.pdf,public_pdf,existing_science_item_source
benet-zhejiang-2026-c-text,third_party_recall_text,公务员备考网,2026 浙江 C 类行测考生回忆版题面，含分区、题号和材料；答案解析另行下载,https://www.benet-wh.com.cn/shengkao/xingce/26121.html,public_text,section_ranges_and_question_text; recall_source_not_official
scribd-zhejiang-2026-a-text-copy,third_party_recall_text_copy,Scribd 用户上传（文内标注粉笔用户生成）,2026 浙江 A 类行测考生回忆版转录，供题号与模块摘要定位；原始回忆 PDF 另列,https://www.scribd.com/document/1024824511/2026%E5%B9%B4%E6%B5%99%E6%B1%9F%E7%9C%81%E5%85%AC%E5%8A%A1%E5%91%98%E5%BD%95%E7%94%A8%E8%80%83%E8%AF%95-%E8%A1%8C%E6%B5%8B-%E9%A2%98-A%E7%B1%BB-%E7%BD%91%E5%8F%8B%E5%9B%9E%E5%BF%86%E7%89%88,public_text_copy,section_ranges_and_sample_question_text; not_independent_original
gd-2025-recall,third_party_exam_recall,星光公考 / 考生回忆（含第三方文本复核）,2025 广东省考行测考生回忆卷；科学推理第 66、68 题已在现有科学库建立来源映射,https://upload.xingguanggongkao.com/pdf/2025%E5%B9%B4%E5%B9%BF%E4%B8%9C%E7%9C%81%E5%85%AC%E5%8A%A1%E5%91%98%E5%BD%95%E7%94%A8%E8%80%83%E8%AF%95%E3%80%8A%E8%A1%8C%E6%B5%8B%E3%80%8B%E7%9C%9F%E9%A2%98%EF%BC%88%E8%80%83%E7%94%9F%E5%9B%9E%E5%BF%86%E7%89%88%EF%BC%89.pdf?time=1760927301,public_pdf_and_question_analysis,full_paper_entry_and_existing_science_item_sources; do_not_duplicate_existing_science_records
